class_name,before_total,after_total,train_count,val_count,test_count,duplicated_count,warning,error
!_,299,300,210,45,45,1,,
#_,298,300,210,45,45,2,,
$_,297,300,210,45,45,3,,
%_,299,300,210,45,45,1,,
&_,296,300,210,45,45,4,,
(_,299,300,210,45,45,1,,
)_,299,300,210,45,45,1,,
+_,298,300,210,45,45,2,,
",_",299,300,210,45,45,1,,
-_,299,300,210,45,45,1,,
._,299,300,210,45,45,1,,
0_,298,300,210,45,45,2,,
1_,299,300,210,45,45,1,,
2_,298,300,210,45,45,2,,
3_,298,300,210,45,45,2,,
4_,297,300,210,45,45,3,,
5_,299,300,210,45,45,1,,
6_,297,300,210,45,45,3,,
7_,298,300,210,45,45,2,,
8_,298,300,210,45,45,2,,
9_,299,300,210,45,45,1,,
;_,298,300,210,45,45,2,,
=_,299,300,210,45,45,1,,
@_,298,300,210,45,45,2,,
A_,300,300,210,45,45,0,,
B_,300,300,210,45,45,0,,
C_,300,300,210,45,45,0,,
D_,299,300,210,45,45,1,,
E_,300,300,210,45,45,0,,
F_,299,300,210,45,45,1,,
G_,300,300,210,45,45,0,,
H_,300,300,210,45,45,0,,
I_,300,300,210,45,45,0,,
J_,300,300,210,45,45,0,,
K_,300,300,210,45,45,0,,
L_,300,300,210,45,45,0,,
M_,300,300,210,45,45,0,,
N_,300,300,210,45,45,0,,
O_,299,300,210,45,45,1,,
P_,300,300,210,45,45,0,,
Q_,300,300,210,45,45,0,,
R_,300,300,210,45,45,0,,
S_,300,300,210,45,45,0,,
T_,300,300,210,45,45,0,,
U_,300,300,210,45,45,0,,
V_,300,300,210,45,45,0,,
W_,300,300,210,45,45,0,,
X_,300,300,210,45,45,0,,
Y_,300,300,210,45,45,0,,
Z_,299,300,210,45,45,1,,
[_,300,300,210,45,45,0,,
]_,300,300,210,45,45,0,,
^_,298,300,210,45,45,2,,
__,300,300,210,45,45,0,,
`_,299,300,210,45,45,1,,
{_,300,300,210,45,45,0,,
}_,300,300,210,45,45,0,,
~_,299,300,210,45,45,1,,
§,300,300,210,45,45,0,,
±,300,300,210,45,45,0,,
×,300,300,210,45,45,0,,
÷,300,300,210,45,45,0,,
‘,298,300,210,45,45,2,,
’,300,300,210,45,45,0,,
“,300,300,210,45,45,0,,
”,300,300,210,45,45,0,,
…,300,300,210,45,45,0,,
‰,300,300,210,45,45,0,,
※,299,300,210,45,45,1,,
℃,300,300,210,45,45,0,,
℅,297,300,210,45,45,3,,
℉,300,300,210,45,45,0,,
№,299,300,210,45,45,1,,
←,300,300,210,45,45,0,,
↑,299,300,210,45,45,1,,
→,300,300,210,45,45,0,,
↓,300,300,210,45,45,0,,
↖,300,300,210,45,45,0,,
↗,300,300,210,45,45,0,,
↘,300,300,210,45,45,0,,
↙,299,300,210,45,45,1,,
∈,300,300,210,45,45,0,,
∏,300,300,210,45,45,0,,
∑,300,300,210,45,45,0,,
√,300,300,210,45,45,0,,
∝,300,300,210,45,45,0,,
∞,300,300,210,45,45,0,,
∥,298,300,210,45,45,2,,
∧,299,300,210,45,45,1,,
∨,300,300,210,45,45,0,,
∩,299,300,210,45,45,1,,
∪,300,300,210,45,45,0,,
∫,300,300,210,45,45,0,,
∮,300,300,210,45,45,0,,
∴,299,300,210,45,45,1,,
∵,298,300,210,45,45,2,,
∽,300,300,210,45,45,0,,
≈,297,300,210,45,45,3,,
≌,299,300,210,45,45,1,,
≠,299,300,210,45,45,1,,
≡,300,300,210,45,45,0,,
≤,299,300,210,45,45,1,,
≥,300,300,210,45,45,0,,
⊕,299,300,210,45,45,1,,
⊙,299,300,210,45,45,1,,
⊥,297,300,210,45,45,3,,
①,300,300,210,45,45,0,,
②,300,300,210,45,45,0,,
③,300,300,210,45,45,0,,
④,300,300,210,45,45,0,,
⑤,300,300,210,45,45,0,,
⑥,299,300,210,45,45,1,,
⑦,299,300,210,45,45,1,,
⑧,299,300,210,45,45,1,,
⑨,299,300,210,45,45,1,,
⑩,296,300,210,45,45,4,,
□,300,300,210,45,45,0,,
△,300,300,210,45,45,0,,
▽,298,300,210,45,45,2,,
◇,300,300,210,45,45,0,,
○,300,300,210,45,45,0,,
◎,299,300,210,45,45,1,,
☆,297,300,210,45,45,3,,
、,299,300,210,45,45,1,,
。,300,300,210,45,45,0,,
々,300,300,210,45,45,0,,
《,300,300,210,45,45,0,,
》,300,300,210,45,45,0,,
㎎,300,300,210,45,45,0,,
㎏,299,300,210,45,45,1,,
㎜,299,300,210,45,45,1,,
㎝,299,300,210,45,45,1,,
㎞,296,300,210,45,45,4,,
㎡,300,300,210,45,45,0,,
㏄,300,300,210,45,45,0,,
一,299,300,210,45,45,1,,
丁,297,300,210,45,45,3,,
七,299,300,210,45,45,1,,
万,299,300,210,45,45,1,,
丈,300,300,210,45,45,0,,
三,299,300,210,45,45,1,,
上,299,300,210,45,45,1,,
下,300,300,210,45,45,0,,
不,299,300,210,45,45,1,,
与,300,300,210,45,45,0,,
丑,300,300,210,45,45,0,,
专,300,300,210,45,45,0,,
且,299,300,210,45,45,1,,
世,299,300,210,45,45,1,,
丘,297,300,210,45,45,3,,
丙,300,300,210,45,45,0,,
业,300,300,210,45,45,0,,
丛,300,300,210,45,45,0,,
东,300,300,210,45,45,0,,
丝,297,300,210,45,45,3,,
丢,299,300,210,45,45,1,,
两,298,300,210,45,45,2,,
严,299,300,210,45,45,1,,
丧,297,300,210,45,45,3,,
个,300,300,210,45,45,0,,
丫,297,300,210,45,45,3,,
中,299,300,210,45,45,1,,
丰,299,300,210,45,45,1,,
串,299,300,210,45,45,1,,
临,300,300,210,45,45,0,,
丸,299,300,210,45,45,1,,
丹,297,300,210,45,45,3,,
为,296,300,210,45,45,4,,
主,298,300,210,45,45,2,,
丽,298,300,210,45,45,2,,
举,298,300,210,45,45,2,,
乃,298,300,210,45,45,2,,
久,300,300,210,45,45,0,,
么,298,300,210,45,45,2,,
义,298,300,210,45,45,2,,
之,301,300,210,45,45,0,,
乌,297,300,210,45,45,3,,
乍,301,300,210,45,45,0,,
乎,298,300,210,45,45,2,,
乏,299,300,210,45,45,1,,
乐,299,300,210,45,45,1,,
乒,290,300,210,45,45,10,,
乓,297,300,210,45,45,3,,
乔,299,300,210,45,45,1,,
乖,281,300,210,45,45,19,,
乘,300,300,210,45,45,0,,
乙,296,300,210,45,45,4,,
九,300,300,210,45,45,0,,
乞,294,300,210,45,45,6,,
也,300,300,210,45,45,0,,
习,300,300,210,45,45,0,,
乡,299,300,210,45,45,1,,
书,299,300,210,45,45,1,,
买,298,300,210,45,45,2,,
乱,300,300,210,45,45,0,,
乳,298,300,210,45,45,2,,
乾,298,300,210,45,45,2,,
了,299,300,210,45,45,1,,
予,299,300,210,45,45,1,,
争,301,300,210,45,45,0,,
事,298,300,210,45,45,2,,
二,300,300,210,45,45,0,,
于,301,300,210,45,45,0,,
亏,299,300,210,45,45,1,,
云,300,300,210,45,45,0,,
互,300,300,210,45,45,0,,
五,298,300,210,45,45,2,,
井,298,300,210,45,45,2,,
亚,300,300,210,45,45,0,,
些,297,300,210,45,45,3,,
亡,300,300,210,45,45,0,,
亢,299,300,210,45,45,1,,
交,300,300,210,45,45,0,,
亥,299,300,210,45,45,1,,
亦,299,300,210,45,45,1,,
产,299,300,210,45,45,1,,
亨,281,300,210,45,45,19,,
亩,298,300,210,45,45,2,,
享,298,300,210,45,45,2,,
京,300,300,210,45,45,0,,
亭,298,300,210,45,45,2,,
亮,300,300,210,45,45,0,,
亲,299,300,210,45,45,1,,
人,300,300,210,45,45,0,,
亿,299,300,210,45,45,1,,
什,296,300,210,45,45,4,,
仁,299,300,210,45,45,1,,
仅,300,300,210,45,45,0,,
仆,299,300,210,45,45,1,,
仇,299,300,210,45,45,1,,
今,299,300,210,45,45,1,,
介,300,300,210,45,45,0,,
仍,299,300,210,45,45,1,,
从,297,300,210,45,45,3,,
仑,299,300,210,45,45,1,,
仓,300,300,210,45,45,0,,
仔,299,300,210,45,45,1,,
仕,298,300,210,45,45,2,,
他,298,300,210,45,45,2,,
仗,301,300,210,45,45,0,,
付,299,300,210,45,45,1,,
仙,300,300,210,45,45,0,,
仟,295,300,210,45,45,5,,
代,298,300,210,45,45,2,,
令,299,300,210,45,45,1,,
以,299,300,210,45,45,1,,
仪,296,300,210,45,45,4,,
们,298,300,210,45,45,2,,
仰,297,300,210,45,45,3,,
仲,299,300,210,45,45,1,,
件,297,300,210,45,45,3,,
价,298,300,210,45,45,2,,
任,300,300,210,45,45,0,,
份,299,300,210,45,45,1,,
仿,300,300,210,45,45,0,,
企,299,300,210,45,45,1,,
伊,297,300,210,45,45,3,,
伍,298,300,210,45,45,2,,
伎,296,300,210,45,45,4,,
伏,300,300,210,45,45,0,,
伐,298,300,210,45,45,2,,
休,294,300,210,45,45,6,,
众,300,300,210,45,45,0,,
优,299,300,210,45,45,1,,
伙,300,300,210,45,45,0,,
会,300,300,210,45,45,0,,
伞,299,300,210,45,45,1,,
伟,300,300,210,45,45,0,,
传,297,300,210,45,45,3,,
伤,297,300,210,45,45,3,,
伦,300,300,210,45,45,0,,
伪,300,300,210,45,45,0,,
伯,300,300,210,45,45,0,,
估,300,300,210,45,45,0,,
伴,300,300,210,45,45,0,,
伶,298,300,210,45,45,2,,
伸,298,300,210,45,45,2,,
伺,294,300,210,45,45,6,,
似,298,300,210,45,45,2,,
佃,295,300,210,45,45,5,,
但,300,300,210,45,45,0,,
位,300,300,210,45,45,0,,
低,298,300,210,45,45,2,,
住,299,300,210,45,45,1,,
佐,300,300,210,45,45,0,,
佑,301,300,210,45,45,0,,
体,299,300,210,45,45,1,,
何,300,300,210,45,45,0,,
余,301,300,210,45,45,0,,
佛,298,300,210,45,45,2,,
作,300,300,210,45,45,0,,
你,298,300,210,45,45,2,,
佣,298,300,210,45,45,2,,
佩,300,300,210,45,45,0,,
佬,296,300,210,45,45,4,,
佯,299,300,210,45,45,1,,
佰,300,300,210,45,45,0,,
佳,300,300,210,45,45,0,,
使,297,300,210,45,45,3,,
侄,301,300,210,45,45,0,,
侈,294,300,210,45,45,6,,
例,300,300,210,45,45,0,,
侍,295,300,210,45,45,5,,
侗,295,300,210,45,45,5,,
供,300,300,210,45,45,0,,
依,300,300,210,45,45,0,,
侠,300,300,210,45,45,0,,
侣,300,300,210,45,45,0,,
侥,300,300,210,45,45,0,,
侦,299,300,210,45,45,1,,
侧,300,300,210,45,45,0,,
侨,300,300,210,45,45,0,,
侩,294,300,210,45,45,6,,
侮,297,300,210,45,45,3,,
侯,298,300,210,45,45,2,,
侵,299,300,210,45,45,1,,
便,300,300,210,45,45,0,,
促,299,300,210,45,45,1,,
俄,298,300,210,45,45,2,,
俊,297,300,210,45,45,3,,
俏,300,300,210,45,45,0,,
俐,295,300,210,45,45,5,,
俗,298,300,210,45,45,2,,
俘,298,300,210,45,45,2,,
保,300,300,210,45,45,0,,
俞,301,300,210,45,45,0,,
信,299,300,210,45,45,1,,
俩,300,300,210,45,45,0,,
俭,300,300,210,45,45,0,,
修,300,300,210,45,45,0,,
俯,295,300,210,45,45,5,,
俱,300,300,210,45,45,0,,
俺,300,300,210,45,45,0,,
倍,299,300,210,45,45,1,,
倒,298,300,210,45,45,2,,
倔,300,300,210,45,45,0,,
倘,299,300,210,45,45,1,,
候,299,300,210,45,45,1,,
倚,299,300,210,45,45,1,,
借,300,300,210,45,45,0,,
倡,299,300,210,45,45,1,,
倦,300,300,210,45,45,0,,
倪,299,300,210,45,45,1,,
债,299,300,210,45,45,1,,
值,301,300,210,45,45,0,,
倾,300,300,210,45,45,0,,
假,300,300,210,45,45,0,,
偏,300,300,210,45,45,0,,
做,300,300,210,45,45,0,,
停,299,300,210,45,45,1,,
健,297,300,210,45,45,3,,
偶,299,300,210,45,45,1,,
偷,297,300,210,45,45,3,,
偿,298,300,210,45,45,2,,
傀,298,300,210,45,45,2,,
傅,298,300,210,45,45,2,,
傈,299,300,210,45,45,1,,
傍,299,300,210,45,45,1,,
傣,299,300,210,45,45,1,,
储,299,300,210,45,45,1,,
催,297,300,210,45,45,3,,
傲,298,300,210,45,45,2,,
傻,293,300,210,45,45,7,,
像,300,300,210,45,45,0,,
僚,299,300,210,45,45,1,,
僧,298,300,210,45,45,2,,
僳,297,300,210,45,45,3,,
僵,299,300,210,45,45,1,,
僻,298,300,210,45,45,2,,
儒,299,300,210,45,45,1,,
儡,300,300,210,45,45,0,,
儿,300,300,210,45,45,0,,
允,300,300,210,45,45,0,,
元,301,300,210,45,45,0,,
兄,299,300,210,45,45,1,,
充,297,300,210,45,45,3,,
兆,300,300,210,45,45,0,,
先,300,300,210,45,45,0,,
光,299,300,210,45,45,1,,
克,299,300,210,45,45,1,,
免,300,300,210,45,45,0,,
兑,298,300,210,45,45,2,,
兔,298,300,210,45,45,2,,
党,300,300,210,45,45,0,,
兜,299,300,210,45,45,1,,
兢,299,300,210,45,45,1,,
入,299,300,210,45,45,1,,
全,300,300,210,45,45,0,,
八,299,300,210,45,45,1,,
公,300,300,210,45,45,0,,
六,295,300,210,45,45,5,,
兰,299,300,210,45,45,1,,
共,298,300,210,45,45,2,,
关,299,300,210,45,45,1,,
兴,299,300,210,45,45,1,,
兵,299,300,210,45,45,1,,
其,300,300,210,45,45,0,,
具,300,300,210,45,45,0,,
典,297,300,210,45,45,3,,
兹,300,300,210,45,45,0,,
养,299,300,210,45,45,1,,
兼,298,300,210,45,45,2,,
兽,296,300,210,45,45,4,,
冀,300,300,210,45,45,0,,
内,300,300,210,45,45,0,,
冈,299,300,210,45,45,1,,
冉,299,300,210,45,45,1,,
册,300,300,210,45,45,0,,
再,299,300,210,45,45,1,,
冒,299,300,210,45,45,1,,
冕,296,300,210,45,45,4,,
冗,298,300,210,45,45,2,,
写,300,300,210,45,45,0,,
军,300,300,210,45,45,0,,
农,300,300,210,45,45,0,,
冠,298,300,210,45,45,2,,
冤,299,300,210,45,45,1,,
冬,298,300,210,45,45,2,,
冯,300,300,210,45,45,0,,
冰,297,300,210,45,45,3,,
冲,299,300,210,45,45,1,,
决,300,300,210,45,45,0,,
况,300,300,210,45,45,0,,
冶,296,300,210,45,45,4,,
冷,300,300,210,45,45,0,,
冻,297,300,210,45,45,3,,
净,298,300,210,45,45,2,,
凄,297,300,210,45,45,3,,
准,300,300,210,45,45,0,,
凉,299,300,210,45,45,1,,
凋,298,300,210,45,45,2,,
凌,298,300,210,45,45,2,,
减,299,300,210,45,45,1,,
凑,297,300,210,45,45,3,,
凛,296,300,210,45,45,4,,
凝,299,300,210,45,45,1,,
几,298,300,210,45,45,2,,
凡,298,300,210,45,45,2,,
凤,299,300,210,45,45,1,,
凭,298,300,210,45,45,2,,
凯,297,300,210,45,45,3,,
凰,299,300,210,45,45,1,,
凳,299,300,210,45,45,1,,
凶,300,300,210,45,45,0,,
凸,297,300,210,45,45,3,,
凹,299,300,210,45,45,1,,
出,299,300,210,45,45,1,,
击,300,300,210,45,45,0,,
函,300,300,210,45,45,0,,
凿,297,300,210,45,45,3,,
刀,298,300,210,45,45,2,,
刁,297,300,210,45,45,3,,
刃,299,300,210,45,45,1,,
分,298,300,210,45,45,2,,
切,299,300,210,45,45,1,,
刊,298,300,210,45,45,2,,
刑,300,300,210,45,45,0,,
划,299,300,210,45,45,1,,
列,300,300,210,45,45,0,,
刘,298,300,210,45,45,2,,
则,300,300,210,45,45,0,,
刚,299,300,210,45,45,1,,
创,299,300,210,45,45,1,,
初,300,300,210,45,45,0,,
删,299,300,210,45,45,1,,
判,297,300,210,45,45,3,,
刨,298,300,210,45,45,2,,
利,298,300,210,45,45,2,,
别,300,300,210,45,45,0,,
刮,298,300,210,45,45,2,,
到,299,300,210,45,45,1,,
制,298,300,210,45,45,2,,
刷,299,300,210,45,45,1,,
券,299,300,210,45,45,1,,
刹,299,300,210,45,45,1,,
刺,300,300,210,45,45,0,,
刻,298,300,210,45,45,2,,
刽,299,300,210,45,45,1,,
剁,300,300,210,45,45,0,,
剂,300,300,210,45,45,0,,
剃,296,300,210,45,45,4,,
削,299,300,210,45,45,1,,
前,298,300,210,45,45,2,,
剐,298,300,210,45,45,2,,
剑,300,300,210,45,45,0,,
剔,298,300,210,45,45,2,,
剖,298,300,210,45,45,2,,
剥,300,300,210,45,45,0,,
剧,299,300,210,45,45,1,,
剩,299,300,210,45,45,1,,
剪,300,300,210,45,45,0,,
副,300,300,210,45,45,0,,
割,300,300,210,45,45,0,,
剿,300,300,210,45,45,0,,
劈,299,300,210,45,45,1,,
力,300,300,210,45,45,0,,
劝,299,300,210,45,45,1,,
办,299,300,210,45,45,1,,
功,299,300,210,45,45,1,,
加,300,300,210,45,45,0,,
务,297,300,210,45,45,3,,
劣,300,300,210,45,45,0,,
动,299,300,210,45,45,1,,
助,298,300,210,45,45,2,,
努,300,300,210,45,45,0,,
劫,299,300,210,45,45,1,,
励,300,300,210,45,45,0,,
劲,300,300,210,45,45,0,,
劳,299,300,210,45,45,1,,
势,300,300,210,45,45,0,,
勃,300,300,210,45,45,0,,
勇,299,300,210,45,45,1,,
勉,300,300,210,45,45,0,,
勋,298,300,210,45,45,2,,
勒,300,300,210,45,45,0,,
勘,298,300,210,45,45,2,,
募,299,300,210,45,45,1,,
勤,300,300,210,45,45,0,,
勺,299,300,210,45,45,1,,
勾,300,300,210,45,45,0,,
勿,300,300,210,45,45,0,,
匀,300,300,210,45,45,0,,
包,299,300,210,45,45,1,,
匆,299,300,210,45,45,1,,
匈,299,300,210,45,45,1,,
化,299,300,210,45,45,1,,
北,300,300,210,45,45,0,,
匙,297,300,210,45,45,3,,
匝,301,300,210,45,45,0,,
匠,298,300,210,45,45,2,,
匡,299,300,210,45,45,1,,
匣,300,300,210,45,45,0,,
匪,299,300,210,45,45,1,,
匹,299,300,210,45,45,1,,
区,300,300,210,45,45,0,,
医,300,300,210,45,45,0,,
匿,299,300,210,45,45,1,,
十,299,300,210,45,45,1,,
千,297,300,210,45,45,3,,
升,299,300,210,45,45,1,,
午,298,300,210,45,45,2,,
卉,295,300,210,45,45,5,,
半,300,300,210,45,45,0,,
华,300,300,210,45,45,0,,
协,298,300,210,45,45,2,,
卑,300,300,210,45,45,0,,
卒,299,300,210,45,45,1,,
卓,298,300,210,45,45,2,,
单,298,300,210,45,45,2,,
卖,298,300,210,45,45,2,,
南,300,300,210,45,45,0,,
博,296,300,210,45,45,4,,
卜,300,300,210,45,45,0,,
卞,298,300,210,45,45,2,,
占,301,300,210,45,45,0,,
卡,300,300,210,45,45,0,,
卢,299,300,210,45,45,1,,
卤,299,300,210,45,45,1,,
卧,300,300,210,45,45,0,,
卫,298,300,210,45,45,2,,
卯,298,300,210,45,45,2,,
印,300,300,210,45,45,0,,
危,299,300,210,45,45,1,,
即,300,300,210,45,45,0,,
却,298,300,210,45,45,2,,
卵,300,300,210,45,45,0,,
卷,298,300,210,45,45,2,,
卸,296,300,210,45,45,4,,
卿,300,300,210,45,45,0,,
厂,299,300,210,45,45,1,,
厄,300,300,210,45,45,0,,
厅,298,300,210,45,45,2,,
历,299,300,210,45,45,1,,
厉,299,300,210,45,45,1,,
压,299,300,210,45,45,1,,
厌,299,300,210,45,45,1,,
厕,299,300,210,45,45,1,,
厘,297,300,210,45,45,3,,
厚,300,300,210,45,45,0,,
原,300,300,210,45,45,0,,
厢,299,300,210,45,45,1,,
厦,298,300,210,45,45,2,,
厨,300,300,210,45,45,0,,
厩,300,300,210,45,45,0,,
去,300,300,210,45,45,0,,
县,298,300,210,45,45,2,,
叁,298,300,210,45,45,2,,
参,298,300,210,45,45,2,,
又,301,300,210,45,45,0,,
叉,300,300,210,45,45,0,,
及,298,300,210,45,45,2,,
友,300,300,210,45,45,0,,
双,299,300,210,45,45,1,,
反,300,300,210,45,45,0,,
发,300,300,210,45,45,0,,
叔,298,300,210,45,45,2,,
取,297,300,210,45,45,3,,
受,299,300,210,45,45,1,,
变,300,300,210,45,45,0,,
叙,297,300,210,45,45,3,,
叛,300,300,210,45,45,0,,
叠,300,300,210,45,45,0,,
口,299,300,210,45,45,1,,
古,298,300,210,45,45,2,,
句,299,300,210,45,45,1,,
另,299,300,210,45,45,1,,
只,300,300,210,45,45,0,,
叫,300,300,210,45,45,0,,
召,301,300,210,45,45,0,,
叭,298,300,210,45,45,2,,
叮,300,300,210,45,45,0,,
可,300,300,210,45,45,0,,
台,299,300,210,45,45,1,,
史,299,300,210,45,45,1,,
右,301,300,210,45,45,0,,
叶,299,300,210,45,45,1,,
号,299,300,210,45,45,1,,
司,298,300,210,45,45,2,,
叹,297,300,210,45,45,3,,
叼,295,300,210,45,45,5,,
吁,301,300,210,45,45,0,,
吃,300,300,210,45,45,0,,
各,300,300,210,45,45,0,,
合,298,300,210,45,45,2,,
吉,299,300,210,45,45,1,,
吊,299,300,210,45,45,1,,
同,298,300,210,45,45,2,,
名,300,300,210,45,45,0,,
后,299,300,210,45,45,1,,
吏,300,300,210,45,45,0,,
吐,299,300,210,45,45,1,,
向,299,300,210,45,45,1,,
吓,298,300,210,45,45,2,,
吕,300,300,210,45,45,0,,
吗,298,300,210,45,45,2,,
君,300,300,210,45,45,0,,
吝,299,300,210,45,45,1,,
吞,299,300,210,45,45,1,,
吟,298,300,210,45,45,2,,
吠,299,300,210,45,45,1,,
否,296,300,210,45,45,4,,
吧,300,300,210,45,45,0,,
吨,300,300,210,45,45,0,,
吩,299,300,210,45,45,1,,
含,300,300,210,45,45,0,,
听,299,300,210,45,45,1,,
吭,298,300,210,45,45,2,,
吮,299,300,210,45,45,1,,
启,300,300,210,45,45,0,,
吱,301,300,210,45,45,0,,
吴,300,300,210,45,45,0,,
吵,298,300,210,45,45,2,,
吸,299,300,210,45,45,1,,
吹,299,300,210,45,45,1,,
吻,300,300,210,45,45,0,,
吼,300,300,210,45,45,0,,
吾,299,300,210,45,45,1,,
呀,300,300,210,45,45,0,,
呆,299,300,210,45,45,1,,
呈,300,300,210,45,45,0,,
告,300,300,210,45,45,0,,
呐,299,300,210,45,45,1,,
呕,300,300,210,45,45,0,,
员,301,300,210,45,45,0,,
呛,300,300,210,45,45,0,,
呜,296,300,210,45,45,4,,
呢,300,300,210,45,45,0,,
周,300,300,210,45,45,0,,
味,299,300,210,45,45,1,,
呵,297,300,210,45,45,3,,
呸,296,300,210,45,45,4,,
呻,297,300,210,45,45,3,,
呼,296,300,210,45,45,4,,
命,300,300,210,45,45,0,,
咀,300,300,210,45,45,0,,
咆,300,300,210,45,45,0,,
咋,297,300,210,45,45,3,,
和,299,300,210,45,45,1,,
咎,300,300,210,45,45,0,,
咏,300,300,210,45,45,0,,
咐,300,300,210,45,45,0,,
咒,300,300,210,45,45,0,,
咕,300,300,210,45,45,0,,
咖,300,300,210,45,45,0,,
咙,299,300,210,45,45,1,,
咨,299,300,210,45,45,1,,
咬,300,300,210,45,45,0,,
咯,300,300,210,45,45,0,,
咱,301,300,210,45,45,0,,
咳,297,300,210,45,45,3,,
咸,299,300,210,45,45,1,,
咽,299,300,210,45,45,1,,
哀,299,300,210,45,45,1,,
品,300,300,210,45,45,0,,
哄,300,300,210,45,45,0,,
哆,300,300,210,45,45,0,,
哇,299,300,210,45,45,1,,
哈,298,300,210,45,45,2,,
哉,299,300,210,45,45,1,,
响,300,300,210,45,45,0,,
哎,299,300,210,45,45,1,,
哑,299,300,210,45,45,1,,
哗,299,300,210,45,45,1,,
哟,294,300,210,45,45,6,,
哥,298,300,210,45,45,2,,
哦,299,300,210,45,45,1,,
哨,300,300,210,45,45,0,,
哩,300,300,210,45,45,0,,
哪,299,300,210,45,45,1,,
哭,295,300,210,45,45,5,,
哮,295,300,210,45,45,5,,
哲,299,300,210,45,45,1,,
哺,300,300,210,45,45,0,,
哼,268,300,210,45,45,32,,
唁,298,300,210,45,45,2,,
唆,298,300,210,45,45,2,,
唇,300,300,210,45,45,0,,
唉,299,300,210,45,45,1,,
唐,297,300,210,45,45,3,,
唤,300,300,210,45,45,0,,
唬,298,300,210,45,45,2,,
售,298,300,210,45,45,2,,
唯,300,300,210,45,45,0,,
唱,299,300,210,45,45,1,,
唾,298,300,210,45,45,2,,
啃,300,300,210,45,45,0,,
啄,299,300,210,45,45,1,,
商,298,300,210,45,45,2,,
啊,300,300,210,45,45,0,,
啡,300,300,210,45,45,0,,
啤,295,300,210,45,45,5,,
啥,298,300,210,45,45,2,,
啦,300,300,210,45,45,0,,
啪,300,300,210,45,45,0,,
啮,297,300,210,45,45,3,,
啸,300,300,210,45,45,0,,
啼,295,300,210,45,45,5,,
喀,300,300,210,45,45,0,,
喂,300,300,210,45,45,0,,
善,299,300,210,45,45,1,,
喇,299,300,210,45,45,1,,
喉,298,300,210,45,45,2,,
喊,300,300,210,45,45,0,,
喘,299,300,210,45,45,1,,
喜,298,300,210,45,45,2,,
喝,299,300,210,45,45,1,,
喧,298,300,210,45,45,2,,
喳,300,300,210,45,45,0,,
喷,298,300,210,45,45,2,,
喻,301,300,210,45,45,0,,
嗅,298,300,210,45,45,2,,
嗓,299,300,210,45,45,1,,
嗜,298,300,210,45,45,2,,
嗡,299,300,210,45,45,1,,
嗣,297,300,210,45,45,3,,
嗽,297,300,210,45,45,3,,
嘉,299,300,210,45,45,1,,
嘎,297,300,210,45,45,3,,
嘘,300,300,210,45,45,0,,
嘛,297,300,210,45,45,3,,
嘱,300,300,210,45,45,0,,
嘲,300,300,210,45,45,0,,
嘴,292,300,210,45,45,8,,
嘶,299,300,210,45,45,1,,
嘻,298,300,210,45,45,2,,
嘿,297,300,210,45,45,3,,
噎,297,300,210,45,45,3,,
器,299,300,210,45,45,1,,
噪,299,300,210,45,45,1,,
噬,299,300,210,45,45,1,,
噶,299,300,210,45,45,1,,
嚎,297,300,210,45,45,3,,
嚏,297,300,210,45,45,3,,
嚣,298,300,210,45,45,2,,
嚷,300,300,210,45,45,0,,
嚼,296,300,210,45,45,4,,
囊,297,300,210,45,45,3,,
囚,297,300,210,45,45,3,,
四,296,300,210,45,45,4,,
回,300,300,210,45,45,0,,
因,300,300,210,45,45,0,,
团,298,300,210,45,45,2,,
囤,300,300,210,45,45,0,,
园,300,300,210,45,45,0,,
困,298,300,210,45,45,2,,
囱,299,300,210,45,45,1,,
围,299,300,210,45,45,1,,
固,300,300,210,45,45,0,,
国,300,300,210,45,45,0,,
图,299,300,210,45,45,1,,
圃,296,300,210,45,45,4,,
圆,301,300,210,45,45,0,,
圈,298,300,210,45,45,2,,
土,299,300,210,45,45,1,,
圣,299,300,210,45,45,1,,
在,300,300,210,45,45,0,,
圭,298,300,210,45,45,2,,
地,299,300,210,45,45,1,,
场,298,300,210,45,45,2,,
圾,299,300,210,45,45,1,,
址,300,300,210,45,45,0,,
均,299,300,210,45,45,1,,
坊,299,300,210,45,45,1,,
坍,299,300,210,45,45,1,,
坎,298,300,210,45,45,2,,
坏,300,300,210,45,45,0,,
坐,300,300,210,45,45,0,,
坑,300,300,210,45,45,0,,
块,299,300,210,45,45,1,,
坚,299,300,210,45,45,1,,
坛,299,300,210,45,45,1,,
坝,299,300,210,45,45,1,,
坞,296,300,210,45,45,4,,
坟,299,300,210,45,45,1,,
坠,300,300,210,45,45,0,,
坡,300,300,210,45,45,0,,
坤,299,300,210,45,45,1,,
坦,299,300,210,45,45,1,,
坪,297,300,210,45,45,3,,
坯,299,300,210,45,45,1,,
坷,299,300,210,45,45,1,,
垂,300,300,210,45,45,0,,
垃,280,300,210,45,45,20,,
垄,300,300,210,45,45,0,,
型,301,300,210,45,45,0,,
垒,297,300,210,45,45,3,,
垛,298,300,210,45,45,2,,
垢,299,300,210,45,45,1,,
垣,301,300,210,45,45,0,,
垦,300,300,210,45,45,0,,
垫,300,300,210,45,45,0,,
垮,300,300,210,45,45,0,,
埂,299,300,210,45,45,1,,
埃,299,300,210,45,45,1,,
埋,299,300,210,45,45,1,,
城,300,300,210,45,45,0,,
埔,300,300,210,45,45,0,,
域,301,300,210,45,45,0,,
埠,295,300,210,45,45,5,,
培,298,300,210,45,45,2,,
基,298,300,210,45,45,2,,
堂,298,300,210,45,45,2,,
堆,299,300,210,45,45,1,,
堑,298,300,210,45,45,2,,
堕,300,300,210,45,45,0,,
堡,300,300,210,45,45,0,,
堤,294,300,210,45,45,6,,
堪,300,300,210,45,45,0,,
堰,298,300,210,45,45,2,,
堵,300,300,210,45,45,0,,
塌,299,300,210,45,45,1,,
塑,297,300,210,45,45,3,,
塔,296,300,210,45,45,4,,
塘,299,300,210,45,45,1,,
塞,299,300,210,45,45,1,,
填,296,300,210,45,45,4,,
境,300,300,210,45,45,0,,
墅,297,300,210,45,45,3,,
墒,298,300,210,45,45,2,,
墓,299,300,210,45,45,1,,
墙,300,300,210,45,45,0,,
增,299,300,210,45,45,1,,
墟,300,300,210,45,45,0,,
墨,299,300,210,45,45,1,,
墩,298,300,210,45,45,2,,
壁,300,300,210,45,45,0,,
壕,298,300,210,45,45,2,,
壤,299,300,210,45,45,1,,
士,300,300,210,45,45,0,,
壬,297,300,210,45,45,3,,
壮,299,300,210,45,45,1,,
声,299,300,210,45,45,1,,
壳,299,300,210,45,45,1,,
壶,300,300,210,45,45,0,,
壹,297,300,210,45,45,3,,
处,299,300,210,45,45,1,,
备,300,300,210,45,45,0,,
复,299,300,210,45,45,1,,
夏,298,300,210,45,45,2,,
夕,300,300,210,45,45,0,,
外,299,300,210,45,45,1,,
多,299,300,210,45,45,1,,
夜,301,300,210,45,45,0,,
够,300,300,210,45,45,0,,
大,300,300,210,45,45,0,,
天,297,300,210,45,45,3,,
太,299,300,210,45,45,1,,
夫,298,300,210,45,45,2,,
央,300,300,210,45,45,0,,
夯,300,300,210,45,45,0,,
失,300,300,210,45,45,0,,
头,299,300,210,45,45,1,,
夷,294,300,210,45,45,6,,
夸,300,300,210,45,45,0,,
夹,299,300,210,45,45,1,,
夺,300,300,210,45,45,0,,
奄,299,300,210,45,45,1,,
奇,300,300,210,45,45,0,,
奈,296,300,210,45,45,4,,
奉,300,300,210,45,45,0,,
奋,300,300,210,45,45,0,,
奎,300,300,210,45,45,0,,
奏,299,300,210,45,45,1,,
契,299,300,210,45,45,1,,
奔,300,300,210,45,45,0,,
奖,297,300,210,45,45,3,,
套,297,300,210,45,45,3,,
奠,297,300,210,45,45,3,,
奢,297,300,210,45,45,3,,
奥,298,300,210,45,45,2,,
女,300,300,210,45,45,0,,
奴,300,300,210,45,45,0,,
奶,299,300,210,45,45,1,,
奸,297,300,210,45,45,3,,
她,299,300,210,45,45,1,,
好,300,300,210,45,45,0,,
如,299,300,210,45,45,1,,
妄,299,300,210,45,45,1,,
妆,297,300,210,45,45,3,,
妇,299,300,210,45,45,1,,
妈,298,300,210,45,45,2,,
妊,296,300,210,45,45,4,,
妒,299,300,210,45,45,1,,
妓,300,300,210,45,45,0,,
妖,296,300,210,45,45,4,,
妙,299,300,210,45,45,1,,
妥,290,300,210,45,45,10,,
妨,297,300,210,45,45,3,,
妮,300,300,210,45,45,0,,
妹,299,300,210,45,45,1,,
妻,298,300,210,45,45,2,,
姆,300,300,210,45,45,0,,
始,298,300,210,45,45,2,,
姐,297,300,210,45,45,3,,
姑,299,300,210,45,45,1,,
姓,298,300,210,45,45,2,,
委,299,300,210,45,45,1,,
姚,300,300,210,45,45,0,,
姜,300,300,210,45,45,0,,
姥,299,300,210,45,45,1,,
姨,298,300,210,45,45,2,,
姬,299,300,210,45,45,1,,
姻,299,300,210,45,45,1,,
姿,299,300,210,45,45,1,,
威,299,300,210,45,45,1,,
娃,298,300,210,45,45,2,,
娄,298,300,210,45,45,2,,
娇,299,300,210,45,45,1,,
娘,299,300,210,45,45,1,,
娜,300,300,210,45,45,0,,
娟,298,300,210,45,45,2,,
娠,295,300,210,45,45,5,,
娥,300,300,210,45,45,0,,
娩,300,300,210,45,45,0,,
娱,301,300,210,45,45,0,,
娶,299,300,210,45,45,1,,
婆,299,300,210,45,45,1,,
婉,300,300,210,45,45,0,,
婚,300,300,210,45,45,0,,
婪,300,300,210,45,45,0,,
婴,299,300,210,45,45,1,,
婶,299,300,210,45,45,1,,
婿,300,300,210,45,45,0,,
媒,297,300,210,45,45,3,,
媚,300,300,210,45,45,0,,
媳,298,300,210,45,45,2,,
嫁,299,300,210,45,45,1,,
嫂,298,300,210,45,45,2,,
嫉,299,300,210,45,45,1,,
嫌,298,300,210,45,45,2,,
嫡,298,300,210,45,45,2,,
嫩,299,300,210,45,45,1,,
子,298,300,210,45,45,2,,
孔,299,300,210,45,45,1,,
孕,300,300,210,45,45,0,,
字,300,300,210,45,45,0,,
存,299,300,210,45,45,1,,
孙,295,300,210,45,45,5,,
孜,299,300,210,45,45,1,,
孝,298,300,210,45,45,2,,
孟,300,300,210,45,45,0,,
季,298,300,210,45,45,2,,
孤,300,300,210,45,45,0,,
学,300,300,210,45,45,0,,
孩,299,300,210,45,45,1,,
孪,298,300,210,45,45,2,,
孰,297,300,210,45,45,3,,
孵,296,300,210,45,45,4,,
孺,298,300,210,45,45,2,,
孽,299,300,210,45,45,1,,
宁,299,300,210,45,45,1,,
它,299,300,210,45,45,1,,
宅,300,300,210,45,45,0,,
宇,301,300,210,45,45,0,,
守,300,300,210,45,45,0,,
安,299,300,210,45,45,1,,
宋,299,300,210,45,45,1,,
完,300,300,210,45,45,0,,
宏,299,300,210,45,45,1,,
宗,300,300,210,45,45,0,,
官,300,300,210,45,45,0,,
宙,300,300,210,45,45,0,,
定,300,300,210,45,45,0,,
宛,300,300,210,45,45,0,,
宜,296,300,210,45,45,4,,
宝,299,300,210,45,45,1,,
实,300,300,210,45,45,0,,
宠,300,300,210,45,45,0,,
审,298,300,210,45,45,2,,
客,299,300,210,45,45,1,,
宣,299,300,210,45,45,1,,
室,300,300,210,45,45,0,,
宦,297,300,210,45,45,3,,
宪,299,300,210,45,45,1,,
宫,300,300,210,45,45,0,,
宰,299,300,210,45,45,1,,
害,300,300,210,45,45,0,,
宴,297,300,210,45,45,3,,
宵,297,300,210,45,45,3,,
家,300,300,210,45,45,0,,
容,300,300,210,45,45,0,,
宽,299,300,210,45,45,1,,
宾,299,300,210,45,45,1,,
宿,299,300,210,45,45,1,,
寂,299,300,210,45,45,1,,
寄,299,300,210,45,45,1,,
寅,300,300,210,45,45,0,,
密,298,300,210,45,45,2,,
寇,298,300,210,45,45,2,,
富,300,300,210,45,45,0,,
寐,300,300,210,45,45,0,,
寒,300,300,210,45,45,0,,
寓,301,300,210,45,45,0,,
寝,297,300,210,45,45,3,,
寞,297,300,210,45,45,3,,
察,299,300,210,45,45,1,,
寡,296,300,210,45,45,4,,
寥,294,300,210,45,45,6,,
寨,297,300,210,45,45,3,,
寸,298,300,210,45,45,2,,
对,297,300,210,45,45,3,,
寺,299,300,210,45,45,1,,
寻,300,300,210,45,45,0,,
导,298,300,210,45,45,2,,
寿,300,300,210,45,45,0,,
封,298,300,210,45,45,2,,
射,299,300,210,45,45,1,,
将,299,300,210,45,45,1,,
尉,298,300,210,45,45,2,,
尊,298,300,210,45,45,2,,
小,299,300,210,45,45,1,,
少,298,300,210,45,45,2,,
尔,300,300,210,45,45,0,,
尖,298,300,210,45,45,2,,
尘,299,300,210,45,45,1,,
尚,300,300,210,45,45,0,,
尝,299,300,210,45,45,1,,
尤,297,300,210,45,45,3,,
尧,299,300,210,45,45,1,,
就,299,300,210,45,45,1,,
尸,298,300,210,45,45,2,,
尹,297,300,210,45,45,3,,
尺,298,300,210,45,45,2,,
尼,299,300,210,45,45,1,,
尽,300,300,210,45,45,0,,
尾,299,300,210,45,45,1,,
尿,299,300,210,45,45,1,,
局,300,300,210,45,45,0,,
屁,299,300,210,45,45,1,,
层,299,300,210,45,45,1,,
居,300,300,210,45,45,0,,
屈,299,300,210,45,45,1,,
屉,296,300,210,45,45,4,,
届,299,300,210,45,45,1,,
屋,297,300,210,45,45,3,,
屎,299,300,210,45,45,1,,
屏,298,300,210,45,45,2,,
屑,299,300,210,45,45,1,,
展,301,300,210,45,45,0,,
属,298,300,210,45,45,2,,
屠,299,300,210,45,45,1,,
屡,298,300,210,45,45,2,,
履,298,300,210,45,45,2,,
屯,298,300,210,45,45,2,,
山,300,300,210,45,45,0,,
屹,297,300,210,45,45,3,,
屿,301,300,210,45,45,0,,
岁,299,300,210,45,45,1,,
岂,298,300,210,45,45,2,,
岔,296,300,210,45,45,4,,
岗,300,300,210,45,45,0,,
岛,300,300,210,45,45,0,,
岩,298,300,210,45,45,2,,
岭,296,300,210,45,45,4,,
岳,301,300,210,45,45,0,,
岸,300,300,210,45,45,0,,
岿,299,300,210,45,45,1,,
峙,298,300,210,45,45,2,,
峡,299,300,210,45,45,1,,
峦,295,300,210,45,45,5,,
峨,299,300,210,45,45,1,,
峪,300,300,210,45,45,0,,
峭,300,300,210,45,45,0,,
峰,300,300,210,45,45,0,,
峻,296,300,210,45,45,4,,
崇,300,300,210,45,45,0,,
崎,300,300,210,45,45,0,,
崔,299,300,210,45,45,1,,
崖,299,300,210,45,45,1,,
崩,300,300,210,45,45,0,,
崭,299,300,210,45,45,1,,
嵌,295,300,210,45,45,5,,
巍,298,300,210,45,45,2,,
川,296,300,210,45,45,4,,
州,299,300,210,45,45,1,,
巡,300,300,210,45,45,0,,
巢,300,300,210,45,45,0,,
工,300,300,210,45,45,0,,
左,300,300,210,45,45,0,,
巧,297,300,210,45,45,3,,
巨,298,300,210,45,45,2,,
巩,299,300,210,45,45,1,,
巫,298,300,210,45,45,2,,
差,299,300,210,45,45,1,,
己,300,300,210,45,45,0,,
已,299,300,210,45,45,1,,
巳,299,300,210,45,45,1,,
巴,300,300,210,45,45,0,,
巷,299,300,210,45,45,1,,
巾,300,300,210,45,45,0,,
币,300,300,210,45,45,0,,
市,299,300,210,45,45,1,,
布,300,300,210,45,45,0,,
帅,292,300,210,45,45,8,,
帆,299,300,210,45,45,1,,
师,300,300,210,45,45,0,,
希,299,300,210,45,45,1,,
帐,298,300,210,45,45,2,,
帕,300,300,210,45,45,0,,
帖,300,300,210,45,45,0,,
帘,297,300,210,45,45,3,,
帚,300,300,210,45,45,0,,
帛,299,300,210,45,45,1,,
帜,298,300,210,45,45,2,,
帝,299,300,210,45,45,1,,
带,299,300,210,45,45,1,,
帧,298,300,210,45,45,2,,
席,300,300,210,45,45,0,,
帮,298,300,210,45,45,2,,
常,299,300,210,45,45,1,,
帽,300,300,210,45,45,0,,
幂,299,300,210,45,45,1,,
幅,300,300,210,45,45,0,,
幌,300,300,210,45,45,0,,
幕,298,300,210,45,45,2,,
幢,299,300,210,45,45,1,,
干,297,300,210,45,45,3,,
平,299,300,210,45,45,1,,
年,299,300,210,45,45,1,,
并,299,300,210,45,45,1,,
幸,300,300,210,45,45,0,,
幻,279,300,210,45,45,21,,
幼,301,300,210,45,45,0,,
幽,299,300,210,45,45,1,,
广,300,300,210,45,45,0,,
庄,300,300,210,45,45,0,,
庆,300,300,210,45,45,0,,
庇,298,300,210,45,45,2,,
床,300,300,210,45,45,0,,
序,300,300,210,45,45,0,,
庐,298,300,210,45,45,2,,
库,298,300,210,45,45,2,,
应,300,300,210,45,45,0,,
底,299,300,210,45,45,1,,
店,299,300,210,45,45,1,,
庙,299,300,210,45,45,1,,
庚,300,300,210,45,45,0,,
府,300,300,210,45,45,0,,
庞,295,300,210,45,45,5,,
废,300,300,210,45,45,0,,
度,299,300,210,45,45,1,,
座,299,300,210,45,45,1,,
庭,296,300,210,45,45,4,,
庶,297,300,210,45,45,3,,
康,298,300,210,45,45,2,,
庸,297,300,210,45,45,3,,
廉,298,300,210,45,45,2,,
廊,297,300,210,45,45,3,,
廓,297,300,210,45,45,3,,
廖,295,300,210,45,45,5,,
延,299,300,210,45,45,1,,
廷,298,300,210,45,45,2,,
建,300,300,210,45,45,0,,
开,300,300,210,45,45,0,,
异,297,300,210,45,45,3,,
弃,300,300,210,45,45,0,,
弄,300,300,210,45,45,0,,
弊,300,300,210,45,45,0,,
式,293,300,210,45,45,7,,
弓,300,300,210,45,45,0,,
引,300,300,210,45,45,0,,
弗,295,300,210,45,45,5,,
弘,299,300,210,45,45,1,,
弛,279,300,210,45,45,21,,
弟,298,300,210,45,45,2,,
张,301,300,210,45,45,0,,
弥,300,300,210,45,45,0,,
弦,300,300,210,45,45,0,,
弧,297,300,210,45,45,3,,
弯,299,300,210,45,45,1,,
弱,298,300,210,45,45,2,,
弹,298,300,210,45,45,2,,
强,300,300,210,45,45,0,,
归,299,300,210,45,45,1,,
当,300,300,210,45,45,0,,
录,300,300,210,45,45,0,,
彝,293,300,210,45,45,7,,
形,299,300,210,45,45,1,,
彤,297,300,210,45,45,3,,
彦,299,300,210,45,45,1,,
彩,299,300,210,45,45,1,,
彪,298,300,210,45,45,2,,
彬,298,300,210,45,45,2,,
彭,300,300,210,45,45,0,,
彰,299,300,210,45,45,1,,
影,300,300,210,45,45,0,,
役,299,300,210,45,45,1,,
彻,300,300,210,45,45,0,,
彼,299,300,210,45,45,1,,
往,299,300,210,45,45,1,,
征,301,300,210,45,45,0,,
径,299,300,210,45,45,1,,
待,298,300,210,45,45,2,,
很,300,300,210,45,45,0,,
徊,300,300,210,45,45,0,,
律,300,300,210,45,45,0,,
徐,300,300,210,45,45,0,,
徒,299,300,210,45,45,1,,
得,299,300,210,45,45,1,,
徘,300,300,210,45,45,0,,
御,299,300,210,45,45,1,,
循,297,300,210,45,45,3,,
微,297,300,210,45,45,3,,
德,298,300,210,45,45,2,,
徽,295,300,210,45,45,5,,
心,299,300,210,45,45,1,,
必,299,300,210,45,45,1,,
忆,299,300,210,45,45,1,,
忌,299,300,210,45,45,1,,
忍,300,300,210,45,45,0,,
志,300,300,210,45,45,0,,
忘,299,300,210,45,45,1,,
忙,300,300,210,45,45,0,,
忠,298,300,210,45,45,2,,
忧,295,300,210,45,45,5,,
快,300,300,210,45,45,0,,
忱,297,300,210,45,45,3,,
念,299,300,210,45,45,1,,
忻,300,300,210,45,45,0,,
忽,300,300,210,45,45,0,,
忿,298,300,210,45,45,2,,
怀,298,300,210,45,45,2,,
态,299,300,210,45,45,1,,
怂,296,300,210,45,45,4,,
怎,299,300,210,45,45,1,,
怒,294,300,210,45,45,6,,
怔,300,300,210,45,45,0,,
怕,300,300,210,45,45,0,,
怖,299,300,210,45,45,1,,
怜,298,300,210,45,45,2,,
思,298,300,210,45,45,2,,
怠,298,300,210,45,45,2,,
急,299,300,210,45,45,1,,
性,296,300,210,45,45,4,,
怨,300,300,210,45,45,0,,
怪,299,300,210,45,45,1,,
怯,300,300,210,45,45,0,,
总,298,300,210,45,45,2,,
恃,299,300,210,45,45,1,,
恋,301,300,210,45,45,0,,
恍,299,300,210,45,45,1,,
恐,300,300,210,45,45,0,,
恒,300,300,210,45,45,0,,
恕,296,300,210,45,45,4,,
恢,299,300,210,45,45,1,,
恤,300,300,210,45,45,0,,
恨,300,300,210,45,45,0,,
恩,299,300,210,45,45,1,,
恫,297,300,210,45,45,3,,
恬,299,300,210,45,45,1,,
恭,296,300,210,45,45,4,,
息,299,300,210,45,45,1,,
恰,296,300,210,45,45,4,,
恳,297,300,210,45,45,3,,
恶,300,300,210,45,45,0,,
恼,297,300,210,45,45,3,,
恿,296,300,210,45,45,4,,
悄,297,300,210,45,45,3,,
悉,298,300,210,45,45,2,,
悍,299,300,210,45,45,1,,
悔,299,300,210,45,45,1,,
悟,299,300,210,45,45,1,,
悠,300,300,210,45,45,0,,
患,298,300,210,45,45,2,,
悦,301,300,210,45,45,0,,
您,300,300,210,45,45,0,,
悬,299,300,210,45,45,1,,
悯,299,300,210,45,45,1,,
悲,299,300,210,45,45,1,,
悸,299,300,210,45,45,1,,
悼,296,300,210,45,45,4,,
情,298,300,210,45,45,2,,
惊,300,300,210,45,45,0,,
惋,298,300,210,45,45,2,,
惑,300,300,210,45,45,0,,
惕,297,300,210,45,45,3,,
惜,300,300,210,45,45,0,,
惟,298,300,210,45,45,2,,
惠,297,300,210,45,45,3,,
惦,297,300,210,45,45,3,,
惧,294,300,210,45,45,6,,
惨,300,300,210,45,45,0,,
惩,299,300,210,45,45,1,,
惫,300,300,210,45,45,0,,
惭,300,300,210,45,45,0,,
惮,300,300,210,45,45,0,,
惯,300,300,210,45,45,0,,
惰,299,300,210,45,45,1,,
想,300,300,210,45,45,0,,
惶,299,300,210,45,45,1,,
惹,300,300,210,45,45,0,,
惺,300,300,210,45,45,0,,
愁,299,300,210,45,45,1,,
愈,301,300,210,45,45,0,,
愉,301,300,210,45,45,0,,
意,298,300,210,45,45,2,,
愚,301,300,210,45,45,0,,
感,299,300,210,45,45,1,,
愤,297,300,210,45,45,3,,
愧,300,300,210,45,45,0,,
愿,301,300,210,45,45,0,,
慈,300,300,210,45,45,0,,
慌,300,300,210,45,45,0,,
慎,299,300,210,45,45,1,,
慑,295,300,210,45,45,5,,
慕,298,300,210,45,45,2,,
慢,299,300,210,45,45,1,,
慧,299,300,210,45,45,1,,
慨,291,300,210,45,45,9,,
慰,300,300,210,45,45,0,,
慷,296,300,210,45,45,4,,
憋,299,300,210,45,45,1,,
憎,296,300,210,45,45,4,,
憨,299,300,210,45,45,1,,
憾,295,300,210,45,45,5,,
懂,300,300,210,45,45,0,,
懈,299,300,210,45,45,1,,
懊,296,300,210,45,45,4,,
懒,297,300,210,45,45,3,,
懦,298,300,210,45,45,2,,
戈,300,300,210,45,45,0,,
戊,299,300,210,45,45,1,,
戌,297,300,210,45,45,3,,
戍,299,300,210,45,45,1,,
戎,298,300,210,45,45,2,,
戏,298,300,210,45,45,2,,
成,300,300,210,45,45,0,,
我,300,300,210,45,45,0,,
戒,300,300,210,45,45,0,,
或,299,300,210,45,45,1,,
战,300,300,210,45,45,0,,
戚,299,300,210,45,45,1,,
截,299,300,210,45,45,1,,
戮,299,300,210,45,45,1,,
戳,300,300,210,45,45,0,,
戴,300,300,210,45,45,0,,
户,298,300,210,45,45,2,,
房,300,300,210,45,45,0,,
所,299,300,210,45,45,1,,
扁,299,300,210,45,45,1,,
扇,298,300,210,45,45,2,,
手,300,300,210,45,45,0,,
才,300,300,210,45,45,0,,
扎,299,300,210,45,45,1,,
扑,299,300,210,45,45,1,,
扒,300,300,210,45,45,0,,
打,298,300,210,45,45,2,,
扔,293,300,210,45,45,7,,
托,299,300,210,45,45,1,,
扛,299,300,210,45,45,1,,
扣,300,300,210,45,45,0,,
扦,297,300,210,45,45,3,,
执,301,300,210,45,45,0,,
扩,299,300,210,45,45,1,,
扫,297,300,210,45,45,3,,
扬,299,300,210,45,45,1,,
扭,299,300,210,45,45,1,,
扮,299,300,210,45,45,1,,
扯,299,300,210,45,45,1,,
扰,297,300,210,45,45,3,,
扳,299,300,210,45,45,1,,
扶,299,300,210,45,45,1,,
批,299,300,210,45,45,1,,
扼,300,300,210,45,45,0,,
找,301,300,210,45,45,0,,
承,298,300,210,45,45,2,,
技,299,300,210,45,45,1,,
抄,299,300,210,45,45,1,,
抉,298,300,210,45,45,2,,
把,300,300,210,45,45,0,,
抑,297,300,210,45,45,3,,
抒,298,300,210,45,45,2,,
抓,298,300,210,45,45,2,,
投,298,300,210,45,45,2,,
抖,299,300,210,45,45,1,,
抗,300,300,210,45,45,0,,
折,301,300,210,45,45,0,,
抚,300,300,210,45,45,0,,
抛,300,300,210,45,45,0,,
抠,299,300,210,45,45,1,,
抡,296,300,210,45,45,4,,
抢,299,300,210,45,45,1,,
护,300,300,210,45,45,0,,
报,300,300,210,45,45,0,,
抨,300,300,210,45,45,0,,
披,298,300,210,45,45,2,,
抬,299,300,210,45,45,1,,
抱,300,300,210,45,45,0,,
抵,299,300,210,45,45,1,,
抹,300,300,210,45,45,0,,
押,299,300,210,45,45,1,,
抽,298,300,210,45,45,2,,
抿,297,300,210,45,45,3,,
拂,298,300,210,45,45,2,,
拄,298,300,210,45,45,2,,
担,298,300,210,45,45,2,,
拆,299,300,210,45,45,1,,
拇,299,300,210,45,45,1,,
拈,300,300,210,45,45,0,,
拉,299,300,210,45,45,1,,
拌,300,300,210,45,45,0,,
拍,299,300,210,45,45,1,,
拎,300,300,210,45,45,0,,
拐,300,300,210,45,45,0,,
拒,300,300,210,45,45,0,,
拓,295,300,210,45,45,5,,
拔,300,300,210,45,45,0,,
拖,295,300,210,45,45,5,,
拘,300,300,210,45,45,0,,
拙,300,300,210,45,45,0,,
招,300,300,210,45,45,0,,
拜,296,300,210,45,45,4,,
拟,300,300,210,45,45,0,,
拢,298,300,210,45,45,2,,
拣,300,300,210,45,45,0,,
拥,300,300,210,45,45,0,,
拦,297,300,210,45,45,3,,
拧,294,300,210,45,45,6,,
拨,300,300,210,45,45,0,,
择,301,300,210,45,45,0,,
括,300,300,210,45,45,0,,
拭,298,300,210,45,45,2,,
拯,296,300,210,45,45,4,,
拱,299,300,210,45,45,1,,
拳,300,300,210,45,45,0,,
拴,298,300,210,45,45,2,,
拷,298,300,210,45,45,2,,
拼,299,300,210,45,45,1,,
拽,295,300,210,45,45,5,,
拾,299,300,210,45,45,1,,
拿,299,300,210,45,45,1,,
持,300,300,210,45,45,0,,
挂,300,300,210,45,45,0,,
指,301,300,210,45,45,0,,
按,300,300,210,45,45,0,,
挎,300,300,210,45,45,0,,
挑,297,300,210,45,45,3,,
挖,295,300,210,45,45,5,,
挚,299,300,210,45,45,1,,
挛,298,300,210,45,45,2,,
挝,299,300,210,45,45,1,,
挞,299,300,210,45,45,1,,
挟,300,300,210,45,45,0,,
挠,296,300,210,45,45,4,,
挡,299,300,210,45,45,1,,
挣,301,300,210,45,45,0,,
挤,300,300,210,45,45,0,,
挥,299,300,210,45,45,1,,
挨,299,300,210,45,45,1,,
挪,300,300,210,45,45,0,,
挫,300,300,210,45,45,0,,
振,300,300,210,45,45,0,,
挺,298,300,210,45,45,2,,
挽,299,300,210,45,45,1,,
捂,299,300,210,45,45,1,,
捅,298,300,210,45,45,2,,
捆,296,300,210,45,45,4,,
捉,300,300,210,45,45,0,,
捌,299,300,210,45,45,1,,
捍,299,300,210,45,45,1,,
捎,300,300,210,45,45,0,,
捏,299,300,210,45,45,1,,
捐,298,300,210,45,45,2,,
捕,297,300,210,45,45,3,,
捞,300,300,210,45,45,0,,
损,298,300,210,45,45,2,,
捡,299,300,210,45,45,1,,
换,299,300,210,45,45,1,,
捣,300,300,210,45,45,0,,
捧,297,300,210,45,45,3,,
据,300,300,210,45,45,0,,
捶,299,300,210,45,45,1,,
捷,300,300,210,45,45,0,,
捻,299,300,210,45,45,1,,
掀,299,300,210,45,45,1,,
掂,298,300,210,45,45,2,,
掇,299,300,210,45,45,1,,
授,296,300,210,45,45,4,,
掉,300,300,210,45,45,0,,
掌,299,300,210,45,45,1,,
掏,299,300,210,45,45,1,,
掐,298,300,210,45,45,2,,
排,300,300,210,45,45,0,,
掖,296,300,210,45,45,4,,
掘,299,300,210,45,45,1,,
掠,300,300,210,45,45,0,,
探,295,300,210,45,45,5,,
掣,298,300,210,45,45,2,,
接,300,300,210,45,45,0,,
控,300,300,210,45,45,0,,
推,299,300,210,45,45,1,,
掩,299,300,210,45,45,1,,
措,300,300,210,45,45,0,,
掳,298,300,210,45,45,2,,
掷,300,300,210,45,45,0,,
掸,300,300,210,45,45,0,,
掺,299,300,210,45,45,1,,
揉,298,300,210,45,45,2,,
揍,298,300,210,45,45,2,,
描,300,300,210,45,45,0,,
提,297,300,210,45,45,3,,
插,300,300,210,45,45,0,,
揖,299,300,210,45,45,1,,
握,299,300,210,45,45,1,,
揣,299,300,210,45,45,1,,
揩,300,300,210,45,45,0,,
揪,299,300,210,45,45,1,,
揭,300,300,210,45,45,0,,
援,300,300,210,45,45,0,,
揽,299,300,210,45,45,1,,
搀,297,300,210,45,45,3,,
搁,299,300,210,45,45,1,,
搂,299,300,210,45,45,1,,
搅,298,300,210,45,45,2,,
搏,299,300,210,45,45,1,,
搐,300,300,210,45,45,0,,
搓,300,300,210,45,45,0,,
搔,300,300,210,45,45,0,,
搜,299,300,210,45,45,1,,
搞,299,300,210,45,45,1,,
搪,297,300,210,45,45,3,,
搬,299,300,210,45,45,1,,
搭,297,300,210,45,45,3,,
携,300,300,210,45,45,0,,
搽,294,300,210,45,45,6,,
摄,300,300,210,45,45,0,,
摆,300,300,210,45,45,0,,
摇,299,300,210,45,45,1,,
摈,299,300,210,45,45,1,,
摊,299,300,210,45,45,1,,
摔,297,300,210,45,45,3,,
摘,300,300,210,45,45,0,,
摧,300,300,210,45,45,0,,
摩,300,300,210,45,45,0,,
摸,300,300,210,45,45,0,,
摹,298,300,210,45,45,2,,
撂,298,300,210,45,45,2,,
撅,296,300,210,45,45,4,,
撇,300,300,210,45,45,0,,
撑,299,300,210,45,45,1,,
撒,300,300,210,45,45,0,,
撕,299,300,210,45,45,1,,
撞,298,300,210,45,45,2,,
撤,299,300,210,45,45,1,,
撩,300,300,210,45,45,0,,
撬,300,300,210,45,45,0,,
播,299,300,210,45,45,1,,
撮,299,300,210,45,45,1,,
撰,299,300,210,45,45,1,,
撵,298,300,210,45,45,2,,
撼,300,300,210,45,45,0,,
擂,299,300,210,45,45,1,,
擅,299,300,210,45,45,1,,
操,300,300,210,45,45,0,,
擎,300,300,210,45,45,0,,
擒,298,300,210,45,45,2,,
擞,298,300,210,45,45,2,,
擦,297,300,210,45,45,3,,
攀,297,300,210,45,45,3,,
攒,300,300,210,45,45,0,,
攘,299,300,210,45,45,1,,
攫,297,300,210,45,45,3,,
支,296,300,210,45,45,4,,
收,299,300,210,45,45,1,,
改,299,300,210,45,45,1,,
攻,298,300,210,45,45,2,,
放,296,300,210,45,45,4,,
政,301,300,210,45,45,0,,
故,298,300,210,45,45,2,,
效,298,300,210,45,45,2,,
敌,300,300,210,45,45,0,,
敏,299,300,210,45,45,1,,
救,298,300,210,45,45,2,,
敖,299,300,210,45,45,1,,
教,300,300,210,45,45,0,,
敛,298,300,210,45,45,2,,
敝,300,300,210,45,45,0,,
敞,296,300,210,45,45,4,,
敢,299,300,210,45,45,1,,
散,299,300,210,45,45,1,,
敦,299,300,210,45,45,1,,
敬,300,300,210,45,45,0,,
数,297,300,210,45,45,3,,
敲,299,300,210,45,45,1,,
整,299,300,210,45,45,1,,
敷,291,300,210,45,45,9,,
文,297,300,210,45,45,3,,
斋,300,300,210,45,45,0,,
斌,294,300,210,45,45,6,,
斑,300,300,210,45,45,0,,
斗,299,300,210,45,45,1,,
料,299,300,210,45,45,1,,
斜,300,300,210,45,45,0,,
斟,301,300,210,45,45,0,,
斡,299,300,210,45,45,1,,
斤,298,300,210,45,45,2,,
斥,300,300,210,45,45,0,,
斧,297,300,210,45,45,3,,
斩,299,300,210,45,45,1,,
断,296,300,210,45,45,4,,
斯,299,300,210,45,45,1,,
新,300,300,210,45,45,0,,
方,300,300,210,45,45,0,,
施,300,300,210,45,45,0,,
旁,299,300,210,45,45,1,,
旅,297,300,210,45,45,3,,
旋,299,300,210,45,45,1,,
族,294,300,210,45,45,6,,
旗,298,300,210,45,45,2,,
无,299,300,210,45,45,1,,
既,300,300,210,45,45,0,,
日,300,300,210,45,45,0,,
旦,300,300,210,45,45,0,,
旧,297,300,210,45,45,3,,
旨,297,300,210,45,45,3,,
早,301,300,210,45,45,0,,
旬,299,300,210,45,45,1,,
旭,299,300,210,45,45,1,,
旱,299,300,210,45,45,1,,
时,300,300,210,45,45,0,,
旷,299,300,210,45,45,1,,
旺,300,300,210,45,45,0,,
昂,299,300,210,45,45,1,,
昆,299,300,210,45,45,1,,
昌,300,300,210,45,45,0,,
明,300,300,210,45,45,0,,
昏,300,300,210,45,45,0,,
易,299,300,210,45,45,1,,
昔,299,300,210,45,45,1,,
星,298,300,210,45,45,2,,
映,300,300,210,45,45,0,,
春,300,300,210,45,45,0,,
昧,300,300,210,45,45,0,,
昨,299,300,210,45,45,1,,
昭,300,300,210,45,45,0,,
是,300,300,210,45,45,0,,
昼,299,300,210,45,45,1,,
显,299,300,210,45,45,1,,
晃,300,300,210,45,45,0,,
晋,300,300,210,45,45,0,,
晌,300,300,210,45,45,0,,
晒,296,300,210,45,45,4,,
晓,299,300,210,45,45,1,,
晕,301,300,210,45,45,0,,
晚,299,300,210,45,45,1,,
晤,298,300,210,45,45,2,,
晦,298,300,210,45,45,2,,
晨,299,300,210,45,45,1,,
普,299,300,210,45,45,1,,
景,296,300,210,45,45,4,,
晰,298,300,210,45,45,2,,
晴,298,300,210,45,45,2,,
晶,300,300,210,45,45,0,,
智,300,300,210,45,45,0,,
晾,299,300,210,45,45,1,,
暂,301,300,210,45,45,0,,
暇,298,300,210,45,45,2,,
暑,299,300,210,45,45,1,,
暖,298,300,210,45,45,2,,
暗,300,300,210,45,45,0,,
暮,299,300,210,45,45,1,,
暴,299,300,210,45,45,1,,
曙,297,300,210,45,45,3,,
曝,299,300,210,45,45,1,,
曰,300,300,210,45,45,0,,
曲,299,300,210,45,45,1,,
曳,297,300,210,45,45,3,,
更,300,300,210,45,45,0,,
曹,298,300,210,45,45,2,,
曼,299,300,210,45,45,1,,
曾,301,300,210,45,45,0,,
替,299,300,210,45,45,1,,
最,299,300,210,45,45,1,,
月,300,300,210,45,45,0,,
有,301,300,210,45,45,0,,
朋,299,300,210,45,45,1,,
服,301,300,210,45,45,0,,
朔,298,300,210,45,45,2,,
朗,299,300,210,45,45,1,,
望,300,300,210,45,45,0,,
朝,300,300,210,45,45,0,,
期,300,300,210,45,45,0,,
木,300,300,210,45,45,0,,
未,298,300,210,45,45,2,,
末,297,300,210,45,45,3,,
本,300,300,210,45,45,0,,
札,299,300,210,45,45,1,,
术,298,300,210,45,45,2,,
朱,299,300,210,45,45,1,,
朴,299,300,210,45,45,1,,
朵,300,300,210,45,45,0,,
机,300,300,210,45,45,0,,
朽,299,300,210,45,45,1,,
杀,298,300,210,45,45,2,,
杂,299,300,210,45,45,1,,
权,300,300,210,45,45,0,,
杆,300,300,210,45,45,0,,
杉,296,300,210,45,45,4,,
李,300,300,210,45,45,0,,
杏,300,300,210,45,45,0,,
材,298,300,210,45,45,2,,
村,298,300,210,45,45,2,,
杖,299,300,210,45,45,1,,
杜,298,300,210,45,45,2,,
束,299,300,210,45,45,1,,
杠,297,300,210,45,45,3,,
条,297,300,210,45,45,3,,
来,299,300,210,45,45,1,,
杨,298,300,210,45,45,2,,
杭,300,300,210,45,45,0,,
杯,299,300,210,45,45,1,,
杰,300,300,210,45,45,0,,
松,299,300,210,45,45,1,,
板,299,300,210,45,45,1,,
极,299,300,210,45,45,1,,
构,298,300,210,45,45,2,,
枉,299,300,210,45,45,1,,
析,299,300,210,45,45,1,,
枕,300,300,210,45,45,0,,
林,300,300,210,45,45,0,,
枚,299,300,210,45,45,1,,
果,299,300,210,45,45,1,,
枝,300,300,210,45,45,0,,
枢,300,300,210,45,45,0,,
枣,300,300,210,45,45,0,,
枪,300,300,210,45,45,0,,
枫,300,300,210,45,45,0,,
枯,299,300,210,45,45,1,,
架,299,300,210,45,45,1,,
枷,300,300,210,45,45,0,,
柄,298,300,210,45,45,2,,
柏,299,300,210,45,45,1,,
某,299,300,210,45,45,1,,
柑,300,300,210,45,45,0,,
柒,299,300,210,45,45,1,,
染,299,300,210,45,45,1,,
柔,300,300,210,45,45,0,,
柜,300,300,210,45,45,0,,
柞,299,300,210,45,45,1,,
柠,294,300,210,45,45,6,,
查,300,300,210,45,45,0,,
柬,298,300,210,45,45,2,,
柯,299,300,210,45,45,1,,
柱,300,300,210,45,45,0,,
柳,299,300,210,45,45,1,,
柴,297,300,210,45,45,3,,
柿,299,300,210,45,45,1,,
栅,299,300,210,45,45,1,,
标,300,300,210,45,45,0,,
栈,299,300,210,45,45,1,,
栋,298,300,210,45,45,2,,
栏,300,300,210,45,45,0,,
树,298,300,210,45,45,2,,
栓,299,300,210,45,45,1,,
栖,298,300,210,45,45,2,,
栗,299,300,210,45,45,1,,
校,298,300,210,45,45,2,,
株,300,300,210,45,45,0,,
样,291,300,210,45,45,9,,
核,300,300,210,45,45,0,,
根,300,300,210,45,45,0,,
格,300,300,210,45,45,0,,
栽,300,300,210,45,45,0,,
桂,298,300,210,45,45,2,,
桃,297,300,210,45,45,3,,
桅,299,300,210,45,45,1,,
框,298,300,210,45,45,2,,
案,299,300,210,45,45,1,,
桌,299,300,210,45,45,1,,
桐,299,300,210,45,45,1,,
桑,299,300,210,45,45,1,,
桓,298,300,210,45,45,2,,
桔,300,300,210,45,45,0,,
档,300,300,210,45,45,0,,
桥,300,300,210,45,45,0,,
桨,298,300,210,45,45,2,,
桩,299,300,210,45,45,1,,
桶,297,300,210,45,45,3,,
梁,298,300,210,45,45,2,,
梅,300,300,210,45,45,0,,
梆,299,300,210,45,45,1,,
梗,299,300,210,45,45,1,,
梢,299,300,210,45,45,1,,
梦,300,300,210,45,45,0,,
梧,298,300,210,45,45,2,,
梨,299,300,210,45,45,1,,
梭,298,300,210,45,45,2,,
梯,297,300,210,45,45,3,,
械,298,300,210,45,45,2,,
梳,300,300,210,45,45,0,,
检,298,300,210,45,45,2,,
棉,297,300,210,45,45,3,,
棋,300,300,210,45,45,0,,
棍,298,300,210,45,45,2,,
棒,297,300,210,45,45,3,,
棕,300,300,210,45,45,0,,
棘,299,300,210,45,45,1,,
棚,300,300,210,45,45,0,,
棠,298,300,210,45,45,2,,
森,300,300,210,45,45,0,,
棱,299,300,210,45,45,1,,
棵,300,300,210,45,45,0,,
棺,298,300,210,45,45,2,,
椅,299,300,210,45,45,1,,
植,297,300,210,45,45,3,,
椎,299,300,210,45,45,1,,
椒,300,300,210,45,45,0,,
椭,297,300,210,45,45,3,,
椰,300,300,210,45,45,0,,
椽,297,300,210,45,45,3,,
椿,299,300,210,45,45,1,,
楔,299,300,210,45,45,1,,
楚,299,300,210,45,45,1,,
楞,298,300,210,45,45,2,,
楷,300,300,210,45,45,0,,
楼,298,300,210,45,45,2,,
概,299,300,210,45,45,1,,
榆,301,300,210,45,45,0,,
榔,300,300,210,45,45,0,,
榜,298,300,210,45,45,2,,
榨,297,300,210,45,45,3,,
榴,300,300,210,45,45,0,,
榷,299,300,210,45,45,1,,
槐,298,300,210,45,45,2,,
槛,297,300,210,45,45,3,,
槽,295,300,210,45,45,5,,
樊,298,300,210,45,45,2,,
樟,300,300,210,45,45,0,,
模,299,300,210,45,45,1,,
横,298,300,210,45,45,2,,
樱,299,300,210,45,45,1,,
橇,299,300,210,45,45,1,,
橙,298,300,210,45,45,2,,
橡,298,300,210,45,45,2,,
橱,300,300,210,45,45,0,,
檀,298,300,210,45,45,2,,
檄,299,300,210,45,45,1,,
檬,300,300,210,45,45,0,,
欠,298,300,210,45,45,2,,
次,299,300,210,45,45,1,,
欢,299,300,210,45,45,1,,
欣,296,300,210,45,45,4,,
欧,299,300,210,45,45,1,,
欲,300,300,210,45,45,0,,
欺,298,300,210,45,45,2,,
款,300,300,210,45,45,0,,
歇,299,300,210,45,45,1,,
歉,297,300,210,45,45,3,,
歌,299,300,210,45,45,1,,
止,299,300,210,45,45,1,,
正,300,300,210,45,45,0,,
此,300,300,210,45,45,0,,
步,299,300,210,45,45,1,,
武,300,300,210,45,45,0,,
歧,298,300,210,45,45,2,,
歪,300,300,210,45,45,0,,
歹,299,300,210,45,45,1,,
死,298,300,210,45,45,2,,
歼,299,300,210,45,45,1,,
殃,300,300,210,45,45,0,,
殆,298,300,210,45,45,2,,
殉,297,300,210,45,45,3,,
殊,299,300,210,45,45,1,,
残,300,300,210,45,45,0,,
殖,301,300,210,45,45,0,,
殴,296,300,210,45,45,4,,
段,299,300,210,45,45,1,,
殷,298,300,210,45,45,2,,
殿,299,300,210,45,45,1,,
毁,299,300,210,45,45,1,,
毅,298,300,210,45,45,2,,
毋,298,300,210,45,45,2,,
母,300,300,210,45,45,0,,
每,299,300,210,45,45,1,,
毒,299,300,210,45,45,1,,
比,300,300,210,45,45,0,,
毕,300,300,210,45,45,0,,
毖,299,300,210,45,45,1,,
毗,299,300,210,45,45,1,,
毙,299,300,210,45,45,1,,
毛,299,300,210,45,45,1,,
毡,298,300,210,45,45,2,,
毫,293,300,210,45,45,7,,
毯,299,300,210,45,45,1,,
氏,300,300,210,45,45,0,,
民,299,300,210,45,45,1,,
氓,298,300,210,45,45,2,,
气,300,300,210,45,45,0,,
氖,300,300,210,45,45,0,,
氛,300,300,210,45,45,0,,
氟,299,300,210,45,45,1,,
氢,300,300,210,45,45,0,,
氦,297,300,210,45,45,3,,
氧,299,300,210,45,45,1,,
氨,298,300,210,45,45,2,,
氮,299,300,210,45,45,1,,
氯,297,300,210,45,45,3,,
氰,299,300,210,45,45,1,,
水,299,300,210,45,45,1,,
永,300,300,210,45,45,0,,
汀,299,300,210,45,45,1,,
汁,301,300,210,45,45,0,,
求,300,300,210,45,45,0,,
汇,299,300,210,45,45,1,,
汉,299,300,210,45,45,1,,
汐,297,300,210,45,45,3,,
汕,299,300,210,45,45,1,,
汗,296,300,210,45,45,4,,
汛,299,300,210,45,45,1,,
汝,300,300,210,45,45,0,,
汞,300,300,210,45,45,0,,
江,300,300,210,45,45,0,,
池,299,300,210,45,45,1,,
污,298,300,210,45,45,2,,
汤,296,300,210,45,45,4,,
汪,297,300,210,45,45,3,,
汰,298,300,210,45,45,2,,
汲,299,300,210,45,45,1,,
汹,298,300,210,45,45,2,,
汽,300,300,210,45,45,0,,
汾,299,300,210,45,45,1,,
沁,293,300,210,45,45,7,,
沂,299,300,210,45,45,1,,
沃,298,300,210,45,45,2,,
沈,293,300,210,45,45,7,,
沉,299,300,210,45,45,1,,
沏,300,300,210,45,45,0,,
沙,300,300,210,45,45,0,,
沛,299,300,210,45,45,1,,
沟,298,300,210,45,45,2,,
没,300,300,210,45,45,0,,
沤,300,300,210,45,45,0,,
沥,300,300,210,45,45,0,,
沦,298,300,210,45,45,2,,
沧,298,300,210,45,45,2,,
沪,300,300,210,45,45,0,,
沫,299,300,210,45,45,1,,
沮,298,300,210,45,45,2,,
河,299,300,210,45,45,1,,
沸,297,300,210,45,45,3,,
油,300,300,210,45,45,0,,
治,298,300,210,45,45,2,,
沼,300,300,210,45,45,0,,
沽,299,300,210,45,45,1,,
沾,301,300,210,45,45,0,,
沿,300,300,210,45,45,0,,
泄,300,300,210,45,45,0,,
泅,298,300,210,45,45,2,,
泉,299,300,210,45,45,1,,
泊,298,300,210,45,45,2,,
泌,298,300,210,45,45,2,,
法,298,300,210,45,45,2,,
泛,300,300,210,45,45,0,,
泞,299,300,210,45,45,1,,
泡,299,300,210,45,45,1,,
波,300,300,210,45,45,0,,
泣,299,300,210,45,45,1,,
泥,299,300,210,45,45,1,,
注,299,300,210,45,45,1,,
泪,299,300,210,45,45,1,,
泰,297,300,210,45,45,3,,
泳,298,300,210,45,45,2,,
泵,300,300,210,45,45,0,,
泻,298,300,210,45,45,2,,
泼,298,300,210,45,45,2,,
泽,301,300,210,45,45,0,,
洁,300,300,210,45,45,0,,
洋,300,300,210,45,45,0,,
洒,296,300,210,45,45,4,,
洗,300,300,210,45,45,0,,
洛,300,300,210,45,45,0,,
洞,297,300,210,45,45,3,,
津,297,300,210,45,45,3,,
洪,300,300,210,45,45,0,,
洱,299,300,210,45,45,1,,
洲,299,300,210,45,45,1,,
活,300,300,210,45,45,0,,
洼,299,300,210,45,45,1,,
洽,297,300,210,45,45,3,,
派,296,300,210,45,45,4,,
流,300,300,210,45,45,0,,
浅,298,300,210,45,45,2,,
浆,299,300,210,45,45,1,,
浇,298,300,210,45,45,2,,
浊,300,300,210,45,45,0,,
测,300,300,210,45,45,0,,
济,300,300,210,45,45,0,,
浑,299,300,210,45,45,1,,
浓,300,300,210,45,45,0,,
浙,290,300,210,45,45,10,,
浚,298,300,210,45,45,2,,
浦,300,300,210,45,45,0,,
浩,299,300,210,45,45,1,,
浪,298,300,210,45,45,2,,
浮,300,300,210,45,45,0,,
浴,301,300,210,45,45,0,,
海,300,300,210,45,45,0,,
浸,299,300,210,45,45,1,,
涂,297,300,210,45,45,3,,
涅,299,300,210,45,45,1,,
消,299,300,210,45,45,1,,
涉,299,300,210,45,45,1,,
涌,299,300,210,45,45,1,,
涎,298,300,210,45,45,2,,
涕,297,300,210,45,45,3,,
涛,299,300,210,45,45,1,,
涝,298,300,210,45,45,2,,
涟,300,300,210,45,45,0,,
涡,297,300,210,45,45,3,,
涣,300,300,210,45,45,0,,
涤,300,300,210,45,45,0,,
润,300,300,210,45,45,0,,
涧,300,300,210,45,45,0,,
涨,300,300,210,45,45,0,,
涩,294,300,210,45,45,6,,
涪,299,300,210,45,45,1,,
涯,298,300,210,45,45,2,,
液,299,300,210,45,45,1,,
涵,300,300,210,45,45,0,,
涸,299,300,210,45,45,1,,
淀,300,300,210,45,45,0,,
淄,299,300,210,45,45,1,,
淆,292,300,210,45,45,8,,
淋,300,300,210,45,45,0,,
淌,299,300,210,45,45,1,,
淑,295,300,210,45,45,5,,
淖,299,300,210,45,45,1,,
淘,298,300,210,45,45,2,,
淡,300,300,210,45,45,0,,
淤,297,300,210,45,45,3,,
淫,291,300,210,45,45,9,,
淬,299,300,210,45,45,1,,
淮,298,300,210,45,45,2,,
深,300,300,210,45,45,0,,
淳,299,300,210,45,45,1,,
混,300,300,210,45,45,0,,
淹,299,300,210,45,45,1,,
添,297,300,210,45,45,3,,
清,300,300,210,45,45,0,,
渊,301,300,210,45,45,0,,
渍,299,300,210,45,45,1,,
渐,300,300,210,45,45,0,,
渔,301,300,210,45,45,0,,
渗,299,300,210,45,45,1,,
渝,301,300,210,45,45,0,,
渠,299,300,210,45,45,1,,
渡,300,300,210,45,45,0,,
渣,300,300,210,45,45,0,,
渤,299,300,210,45,45,1,,
温,300,300,210,45,45,0,,
渭,297,300,210,45,45,3,,
港,298,300,210,45,45,2,,
渴,299,300,210,45,45,1,,
游,301,300,210,45,45,0,,
渺,300,300,210,45,45,0,,
湃,297,300,210,45,45,3,,
湍,299,300,210,45,45,1,,
湖,300,300,210,45,45,0,,
湘,300,300,210,45,45,0,,
湛,300,300,210,45,45,0,,
湾,300,300,210,45,45,0,,
湿,298,300,210,45,45,2,,
溃,298,300,210,45,45,2,,
溅,298,300,210,45,45,2,,
溉,297,300,210,45,45,3,,
源,301,300,210,45,45,0,,
溜,299,300,210,45,45,1,,
溢,299,300,210,45,45,1,,
溪,298,300,210,45,45,2,,
溯,299,300,210,45,45,1,,
溶,300,300,210,45,45,0,,
溺,298,300,210,45,45,2,,
滁,300,300,210,45,45,0,,
滇,300,300,210,45,45,0,,
滋,299,300,210,45,45,1,,
滑,299,300,210,45,45,1,,
滓,293,300,210,45,45,7,,
滔,298,300,210,45,45,2,,
滚,296,300,210,45,45,4,,
滞,300,300,210,45,45,0,,
满,299,300,210,45,45,1,,
滤,298,300,210,45,45,2,,
滥,300,300,210,45,45,0,,
滦,297,300,210,45,45,3,,
滨,295,300,210,45,45,5,,
滩,297,300,210,45,45,3,,
滴,300,300,210,45,45,0,,
漂,300,300,210,45,45,0,,
漆,296,300,210,45,45,4,,
漏,299,300,210,45,45,1,,
漓,299,300,210,45,45,1,,
演,298,300,210,45,45,2,,
漠,299,300,210,45,45,1,,
漫,298,300,210,45,45,2,,
漱,294,300,210,45,45,6,,
漳,300,300,210,45,45,0,,
漾,300,300,210,45,45,0,,
潍,296,300,210,45,45,4,,
潘,300,300,210,45,45,0,,
潜,300,300,210,45,45,0,,
潞,299,300,210,45,45,1,,
潦,300,300,210,45,45,0,,
潭,299,300,210,45,45,1,,
潮,299,300,210,45,45,1,,
澄,299,300,210,45,45,1,,
澈,299,300,210,45,45,1,,
澎,298,300,210,45,45,2,,
澜,299,300,210,45,45,1,,
澡,299,300,210,45,45,1,,
澳,299,300,210,45,45,1,,
激,299,300,210,45,45,1,,
濒,299,300,210,45,45,1,,
瀑,296,300,210,45,45,4,,
灌,300,300,210,45,45,0,,
火,300,300,210,45,45,0,,
灭,300,300,210,45,45,0,,
灯,300,300,210,45,45,0,,
灰,299,300,210,45,45,1,,
灵,299,300,210,45,45,1,,
灶,301,300,210,45,45,0,,
灸,298,300,210,45,45,2,,
灼,299,300,210,45,45,1,,
灾,298,300,210,45,45,2,,
灿,300,300,210,45,45,0,,
炉,299,300,210,45,45,1,,
炊,299,300,210,45,45,1,,
炎,300,300,210,45,45,0,,
炒,298,300,210,45,45,2,,
炔,298,300,210,45,45,2,,
炕,300,300,210,45,45,0,,
炙,300,300,210,45,45,0,,
炬,299,300,210,45,45,1,,
炭,299,300,210,45,45,1,,
炮,299,300,210,45,45,1,,
炯,296,300,210,45,45,4,,
炳,300,300,210,45,45,0,,
炸,301,300,210,45,45,0,,
点,298,300,210,45,45,2,,
炼,297,300,210,45,45,3,,
炽,297,300,210,45,45,3,,
烁,297,300,210,45,45,3,,
烂,299,300,210,45,45,1,,
烃,298,300,210,45,45,2,,
烈,296,300,210,45,45,4,,
烘,298,300,210,45,45,2,,
烙,299,300,210,45,45,1,,
烛,298,300,210,45,45,2,,
烟,300,300,210,45,45,0,,
烤,295,300,210,45,45,5,,
烦,299,300,210,45,45,1,,
烧,300,300,210,45,45,0,,
烩,299,300,210,45,45,1,,
烫,296,300,210,45,45,4,,
烬,299,300,210,45,45,1,,
热,300,300,210,45,45,0,,
烯,300,300,210,45,45,0,,
烷,300,300,210,45,45,0,,
烹,291,300,210,45,45,9,,
烽,299,300,210,45,45,1,,
焉,299,300,210,45,45,1,,
焊,300,300,210,45,45,0,,
焕,298,300,210,45,45,2,,
焙,300,300,210,45,45,0,,
焚,298,300,210,45,45,2,,
焦,300,300,210,45,45,0,,
焰,298,300,210,45,45,2,,
然,298,300,210,45,45,2,,
煌,299,300,210,45,45,1,,
煎,299,300,210,45,45,1,,
煞,298,300,210,45,45,2,,
煤,299,300,210,45,45,1,,
照,300,300,210,45,45,0,,
煮,300,300,210,45,45,0,,
煽,300,300,210,45,45,0,,
熄,299,300,210,45,45,1,,
熊,299,300,210,45,45,1,,
熏,298,300,210,45,45,2,,
熔,300,300,210,45,45,0,,
熙,297,300,210,45,45,3,,
熟,298,300,210,45,45,2,,
熬,300,300,210,45,45,0,,
燃,296,300,210,45,45,4,,
燎,297,300,210,45,45,3,,
燕,300,300,210,45,45,0,,
燥,299,300,210,45,45,1,,
爆,300,300,210,45,45,0,,
爪,292,300,210,45,45,8,,
爬,297,300,210,45,45,3,,
爱,299,300,210,45,45,1,,
爵,297,300,210,45,45,3,,
父,299,300,210,45,45,1,,
爷,296,300,210,45,45,4,,
爸,297,300,210,45,45,3,,
爹,298,300,210,45,45,2,,
爽,299,300,210,45,45,1,,
片,299,300,210,45,45,1,,
版,300,300,210,45,45,0,,
牌,300,300,210,45,45,0,,
牙,300,300,210,45,45,0,,
牛,300,300,210,45,45,0,,
牟,299,300,210,45,45,1,,
牡,297,300,210,45,45,3,,
牢,298,300,210,45,45,2,,
牧,300,300,210,45,45,0,,
物,298,300,210,45,45,2,,
牲,295,300,210,45,45,5,,
牵,299,300,210,45,45,1,,
特,297,300,210,45,45,3,,
牺,298,300,210,45,45,2,,
犀,299,300,210,45,45,1,,
犁,299,300,210,45,45,1,,
犊,295,300,210,45,45,5,,
犬,300,300,210,45,45,0,,
犯,299,300,210,45,45,1,,
状,300,300,210,45,45,0,,
犹,300,300,210,45,45,0,,
狂,299,300,210,45,45,1,,
狄,292,300,210,45,45,8,,
狈,298,300,210,45,45,2,,
狐,297,300,210,45,45,3,,
狗,300,300,210,45,45,0,,
狙,299,300,210,45,45,1,,
狞,298,300,210,45,45,2,,
狠,300,300,210,45,45,0,,
狡,299,300,210,45,45,1,,
独,298,300,210,45,45,2,,
狭,298,300,210,45,45,2,,
狮,300,300,210,45,45,0,,
狰,301,300,210,45,45,0,,
狱,300,300,210,45,45,0,,
狸,300,300,210,45,45,0,,
狼,300,300,210,45,45,0,,
猎,300,300,210,45,45,0,,
猖,299,300,210,45,45,1,,
猛,300,300,210,45,45,0,,
猜,295,300,210,45,45,5,,
猩,300,300,210,45,45,0,,
猪,299,300,210,45,45,1,,
猫,299,300,210,45,45,1,,
献,300,300,210,45,45,0,,
猴,300,300,210,45,45,0,,
猾,300,300,210,45,45,0,,
猿,301,300,210,45,45,0,,
獭,299,300,210,45,45,1,,
玄,298,300,210,45,45,2,,
率,300,300,210,45,45,0,,
玉,301,300,210,45,45,0,,
王,300,300,210,45,45,0,,
玖,298,300,210,45,45,2,,
玛,298,300,210,45,45,2,,
玩,300,300,210,45,45,0,,
玫,297,300,210,45,45,3,,
环,299,300,210,45,45,1,,
现,300,300,210,45,45,0,,
玲,299,300,210,45,45,1,,
玻,299,300,210,45,45,1,,
珊,297,300,210,45,45,3,,
珍,300,300,210,45,45,0,,
珐,298,300,210,45,45,2,,
珠,300,300,210,45,45,0,,
班,300,300,210,45,45,0,,
球,300,300,210,45,45,0,,
琅,299,300,210,45,45,1,,
理,300,300,210,45,45,0,,
琉,300,300,210,45,45,0,,
琐,297,300,210,45,45,3,,
琢,300,300,210,45,45,0,,
琳,300,300,210,45,45,0,,
琴,298,300,210,45,45,2,,
琵,298,300,210,45,45,2,,
琶,300,300,210,45,45,0,,
琼,299,300,210,45,45,1,,
瑚,300,300,210,45,45,0,,
瑞,300,300,210,45,45,0,,
瑟,299,300,210,45,45,1,,
瑰,298,300,210,45,45,2,,
瑶,299,300,210,45,45,1,,
璃,299,300,210,45,45,1,,
瓜,298,300,210,45,45,2,,
瓢,296,300,210,45,45,4,,
瓣,298,300,210,45,45,2,,
瓤,300,300,210,45,45,0,,
瓦,298,300,210,45,45,2,,
瓮,295,300,210,45,45,5,,
瓶,298,300,210,45,45,2,,
瓷,300,300,210,45,45,0,,
甄,301,300,210,45,45,0,,
甘,300,300,210,45,45,0,,
甚,299,300,210,45,45,1,,
甜,298,300,210,45,45,2,,
生,299,300,210,45,45,1,,
甥,299,300,210,45,45,1,,
用,300,300,210,45,45,0,,
甩,297,300,210,45,45,3,,
甫,299,300,210,45,45,1,,
甭,300,300,210,45,45,0,,
田,298,300,210,45,45,2,,
由,300,300,210,45,45,0,,
甲,297,300,210,45,45,3,,
申,300,300,210,45,45,0,,
电,299,300,210,45,45,1,,
男,300,300,210,45,45,0,,
甸,299,300,210,45,45,1,,
画,300,300,210,45,45,0,,
畅,299,300,210,45,45,1,,
界,300,300,210,45,45,0,,
畏,298,300,210,45,45,2,,
畔,300,300,210,45,45,0,,
留,298,300,210,45,45,2,,
畜,298,300,210,45,45,2,,
略,300,300,210,45,45,0,,
畦,300,300,210,45,45,0,,
番,298,300,210,45,45,2,,
畴,300,300,210,45,45,0,,
畸,298,300,210,45,45,2,,
疆,299,300,210,45,45,1,,
疏,300,300,210,45,45,0,,
疑,299,300,210,45,45,1,,
疗,299,300,210,45,45,1,,
疙,298,300,210,45,45,2,,
疚,300,300,210,45,45,0,,
疟,296,300,210,45,45,4,,
疡,300,300,210,45,45,0,,
疤,300,300,210,45,45,0,,
疥,298,300,210,45,45,2,,
疫,298,300,210,45,45,2,,
疮,300,300,210,45,45,0,,
疯,300,300,210,45,45,0,,
疲,300,300,210,45,45,0,,
疵,298,300,210,45,45,2,,
疹,299,300,210,45,45,1,,
疼,296,300,210,45,45,4,,
疽,300,300,210,45,45,0,,
疾,300,300,210,45,45,0,,
病,300,300,210,45,45,0,,
症,301,300,210,45,45,0,,
痈,298,300,210,45,45,2,,
痉,300,300,210,45,45,0,,
痊,299,300,210,45,45,1,,
痒,300,300,210,45,45,0,,
痔,298,300,210,45,45,2,,
痕,300,300,210,45,45,0,,
痘,300,300,210,45,45,0,,
痛,299,300,210,45,45,1,,
痞,298,300,210,45,45,2,,
痢,300,300,210,45,45,0,,
痪,299,300,210,45,45,1,,
痰,299,300,210,45,45,1,,
痴,300,300,210,45,45,0,,
痹,300,300,210,45,45,0,,
瘁,300,300,210,45,45,0,,
瘟,298,300,210,45,45,2,,
瘤,300,300,210,45,45,0,,
瘦,300,300,210,45,45,0,,
瘩,296,300,210,45,45,4,,
瘪,298,300,210,45,45,2,,
瘫,298,300,210,45,45,2,,
瘴,301,300,210,45,45,0,,
瘸,299,300,210,45,45,1,,
癌,299,300,210,45,45,1,,
癣,299,300,210,45,45,1,,
癸,296,300,210,45,45,4,,
登,300,300,210,45,45,0,,
白,300,300,210,45,45,0,,
百,299,300,210,45,45,1,,
皂,300,300,210,45,45,0,,
的,300,300,210,45,45,0,,
皆,300,300,210,45,45,0,,
皇,300,300,210,45,45,0,,
皋,296,300,210,45,45,4,,
皑,300,300,210,45,45,0,,
皖,298,300,210,45,45,2,,
皮,299,300,210,45,45,1,,
皱,299,300,210,45,45,1,,
皿,298,300,210,45,45,2,,
盂,300,300,210,45,45,0,,
盅,299,300,210,45,45,1,,
盆,299,300,210,45,45,1,,
盈,300,300,210,45,45,0,,
益,299,300,210,45,45,1,,
盎,300,300,210,45,45,0,,
盏,301,300,210,45,45,0,,
盐,300,300,210,45,45,0,,
监,299,300,210,45,45,1,,
盒,299,300,210,45,45,1,,
盔,298,300,210,45,45,2,,
盖,299,300,210,45,45,1,,
盗,300,300,210,45,45,0,,
盘,300,300,210,45,45,0,,
盛,300,300,210,45,45,0,,
盟,297,300,210,45,45,3,,
目,299,300,210,45,45,1,,
盯,300,300,210,45,45,0,,
盲,299,300,210,45,45,1,,
直,296,300,210,45,45,4,,
相,300,300,210,45,45,0,,
盼,300,300,210,45,45,0,,
盾,299,300,210,45,45,1,,
省,300,300,210,45,45,0,,
眉,299,300,210,45,45,1,,
看,300,300,210,45,45,0,,
真,300,300,210,45,45,0,,
眠,300,300,210,45,45,0,,
眨,295,300,210,45,45,5,,
眩,300,300,210,45,45,0,,
眯,300,300,210,45,45,0,,
眶,297,300,210,45,45,3,,
眷,300,300,210,45,45,0,,
眺,297,300,210,45,45,3,,
眼,300,300,210,45,45,0,,
着,299,300,210,45,45,1,,
睁,299,300,210,45,45,1,,
睛,299,300,210,45,45,1,,
睡,298,300,210,45,45,2,,
督,298,300,210,45,45,2,,
睦,300,300,210,45,45,0,,
睫,300,300,210,45,45,0,,
睬,299,300,210,45,45,1,,
睹,300,300,210,45,45,0,,
瞄,299,300,210,45,45,1,,
瞅,298,300,210,45,45,2,,
瞎,298,300,210,45,45,2,,
瞒,300,300,210,45,45,0,,
瞥,300,300,210,45,45,0,,
瞧,299,300,210,45,45,1,,
瞩,299,300,210,45,45,1,,
瞪,297,300,210,45,45,3,,
瞬,297,300,210,45,45,3,,
瞳,298,300,210,45,45,2,,
瞻,300,300,210,45,45,0,,
矗,299,300,210,45,45,1,,
矛,299,300,210,45,45,1,,
矢,300,300,210,45,45,0,,
矣,298,300,210,45,45,2,,
知,301,300,210,45,45,0,,
矩,298,300,210,45,45,2,,
矫,293,300,210,45,45,7,,
短,298,300,210,45,45,2,,
矮,297,300,210,45,45,3,,
石,300,300,210,45,45,0,,
矽,298,300,210,45,45,2,,
矾,298,300,210,45,45,2,,
矿,299,300,210,45,45,1,,
码,298,300,210,45,45,2,,
砂,300,300,210,45,45,0,,
砌,300,300,210,45,45,0,,
砍,298,300,210,45,45,2,,
砒,299,300,210,45,45,1,,
研,299,300,210,45,45,1,,
砖,299,300,210,45,45,1,,
砚,298,300,210,45,45,2,,
砧,301,300,210,45,45,0,,
砰,300,300,210,45,45,0,,
破,299,300,210,45,45,1,,
砷,300,300,210,45,45,0,,
砸,301,300,210,45,45,0,,
砾,299,300,210,45,45,1,,
础,300,300,210,45,45,0,,
硅,298,300,210,45,45,2,,
硒,296,300,210,45,45,4,,
硕,299,300,210,45,45,1,,
硝,300,300,210,45,45,0,,
硫,300,300,210,45,45,0,,
硬,300,300,210,45,45,0,,
确,300,300,210,45,45,0,,
硷,298,300,210,45,45,2,,
硼,300,300,210,45,45,0,,
碉,300,300,210,45,45,0,,
碌,300,300,210,45,45,0,,
碍,296,300,210,45,45,4,,
碎,297,300,210,45,45,3,,
碑,299,300,210,45,45,1,,
碗,299,300,210,45,45,1,,
碘,300,300,210,45,45,0,,
碟,299,300,210,45,45,1,,
碧,299,300,210,45,45,1,,
碰,299,300,210,45,45,1,,
碱,299,300,210,45,45,1,,
碳,299,300,210,45,45,1,,
碴,300,300,210,45,45,0,,
碾,300,300,210,45,45,0,,
磁,298,300,210,45,45,2,,
磅,299,300,210,45,45,1,,
磊,300,300,210,45,45,0,,
磋,296,300,210,45,45,4,,
磐,299,300,210,45,45,1,,
磕,300,300,210,45,45,0,,
磨,299,300,210,45,45,1,,
磷,299,300,210,45,45,1,,
磺,298,300,210,45,45,2,,
礁,300,300,210,45,45,0,,
示,300,300,210,45,45,0,,
礼,299,300,210,45,45,1,,
社,297,300,210,45,45,3,,
祁,298,300,210,45,45,2,,
祈,298,300,210,45,45,2,,
祖,298,300,210,45,45,2,,
祝,299,300,210,45,45,1,,
神,300,300,210,45,45,0,,
祟,292,300,210,45,45,8,,
祥,298,300,210,45,45,2,,
票,299,300,210,45,45,1,,
祭,299,300,210,45,45,1,,
祷,297,300,210,45,45,3,,
祸,299,300,210,45,45,1,,
禁,299,300,210,45,45,1,,
禄,298,300,210,45,45,2,,
福,299,300,210,45,45,1,,
禹,301,300,210,45,45,0,,
离,300,300,210,45,45,0,,
禽,299,300,210,45,45,1,,
禾,300,300,210,45,45,0,,
秀,300,300,210,45,45,0,,
私,297,300,210,45,45,3,,
秃,297,300,210,45,45,3,,
秆,300,300,210,45,45,0,,
秉,300,300,210,45,45,0,,
秋,300,300,210,45,45,0,,
种,299,300,210,45,45,1,,
科,298,300,210,45,45,2,,
秒,295,300,210,45,45,5,,
秘,300,300,210,45,45,0,,
租,300,300,210,45,45,0,,
秤,297,300,210,45,45,3,,
秦,298,300,210,45,45,2,,
秧,300,300,210,45,45,0,,
秩,298,300,210,45,45,2,,
积,300,300,210,45,45,0,,
称,300,300,210,45,45,0,,
秸,299,300,210,45,45,1,,
移,300,300,210,45,45,0,,
秽,296,300,210,45,45,4,,
稀,298,300,210,45,45,2,,
程,300,300,210,45,45,0,,
稍,300,300,210,45,45,0,,
税,298,300,210,45,45,2,,
稗,300,300,210,45,45,0,,
稚,297,300,210,45,45,3,,
稠,297,300,210,45,45,3,,
稳,296,300,210,45,45,4,,
稻,299,300,210,45,45,1,,
稼,299,300,210,45,45,1,,
稽,293,300,210,45,45,7,,
稿,298,300,210,45,45,2,,
穆,299,300,210,45,45,1,,
穗,299,300,210,45,45,1,,
穴,299,300,210,45,45,1,,
究,299,300,210,45,45,1,,
穷,299,300,210,45,45,1,,
空,299,300,210,45,45,1,,
穿,299,300,210,45,45,1,,
突,299,300,210,45,45,1,,
窃,300,300,210,45,45,0,,
窄,298,300,210,45,45,2,,
窍,297,300,210,45,45,3,,
窑,298,300,210,45,45,2,,
窒,299,300,210,45,45,1,,
窖,299,300,210,45,45,1,,
窗,299,300,210,45,45,1,,
窘,300,300,210,45,45,0,,
窜,300,300,210,45,45,0,,
窝,297,300,210,45,45,3,,
窟,300,300,210,45,45,0,,
窥,298,300,210,45,45,2,,
窿,295,300,210,45,45,5,,
立,300,300,210,45,45,0,,
竖,298,300,210,45,45,2,,
站,301,300,210,45,45,0,,
竞,294,300,210,45,45,6,,
竟,300,300,210,45,45,0,,
章,301,300,210,45,45,0,,
竣,299,300,210,45,45,1,,
童,298,300,210,45,45,2,,
竭,299,300,210,45,45,1,,
端,300,300,210,45,45,0,,
竹,299,300,210,45,45,1,,
竿,299,300,210,45,45,1,,
笆,297,300,210,45,45,3,,
笋,298,300,210,45,45,2,,
笑,300,300,210,45,45,0,,
笔,299,300,210,45,45,1,,
笛,299,300,210,45,45,1,,
符,300,300,210,45,45,0,,
笨,300,300,210,45,45,0,,
第,298,300,210,45,45,2,,
笺,297,300,210,45,45,3,,
笼,300,300,210,45,45,0,,
等,297,300,210,45,45,3,,
筋,300,300,210,45,45,0,,
筏,299,300,210,45,45,1,,
筐,299,300,210,45,45,1,,
筑,300,300,210,45,45,0,,
筒,299,300,210,45,45,1,,
答,300,300,210,45,45,0,,
策,300,300,210,45,45,0,,
筛,300,300,210,45,45,0,,
筷,297,300,210,45,45,3,,
筹,300,300,210,45,45,0,,
签,298,300,210,45,45,2,,
简,299,300,210,45,45,1,,
箍,297,300,210,45,45,3,,
箔,297,300,210,45,45,3,,
箕,298,300,210,45,45,2,,
算,297,300,210,45,45,3,,
管,299,300,210,45,45,1,,
箩,299,300,210,45,45,1,,
箭,299,300,210,45,45,1,,
箱,298,300,210,45,45,2,,
篆,299,300,210,45,45,1,,
篇,300,300,210,45,45,0,,
篓,299,300,210,45,45,1,,
篙,298,300,210,45,45,2,,
篡,298,300,210,45,45,2,,
篮,300,300,210,45,45,0,,
篱,300,300,210,45,45,0,,
篷,299,300,210,45,45,1,,
簇,299,300,210,45,45,1,,
簧,298,300,210,45,45,2,,
簿,297,300,210,45,45,3,,
籍,300,300,210,45,45,0,,
米,300,300,210,45,45,0,,
类,300,300,210,45,45,0,,
籽,297,300,210,45,45,3,,
粉,299,300,210,45,45,1,,
粒,300,300,210,45,45,0,,
粕,299,300,210,45,45,1,,
粗,300,300,210,45,45,0,,
粘,301,300,210,45,45,0,,
粟,298,300,210,45,45,2,,
粤,298,300,210,45,45,2,,
粥,296,300,210,45,45,4,,
粪,298,300,210,45,45,2,,
粮,297,300,210,45,45,3,,
粱,300,300,210,45,45,0,,
粳,299,300,210,45,45,1,,
粹,299,300,210,45,45,1,,
精,299,300,210,45,45,1,,
糊,299,300,210,45,45,1,,
糕,299,300,210,45,45,1,,
糖,299,300,210,45,45,1,,
糙,297,300,210,45,45,3,,
糜,300,300,210,45,45,0,,
糟,301,300,210,45,45,0,,
糠,295,300,210,45,45,5,,
糯,300,300,210,45,45,0,,
系,300,300,210,45,45,0,,
紊,300,300,210,45,45,0,,
素,295,300,210,45,45,5,,
索,296,300,210,45,45,4,,
紧,300,300,210,45,45,0,,
紫,299,300,210,45,45,1,,
累,299,300,210,45,45,1,,
絮,299,300,210,45,45,1,,
繁,299,300,210,45,45,1,,
纂,294,300,210,45,45,6,,
纠,299,300,210,45,45,1,,
红,300,300,210,45,45,0,,
纤,295,300,210,45,45,5,,
约,301,300,210,45,45,0,,
级,300,300,210,45,45,0,,
纪,299,300,210,45,45,1,,
纫,298,300,210,45,45,2,,
纬,299,300,210,45,45,1,,
纯,298,300,210,45,45,2,,
纱,299,300,210,45,45,1,,
纲,300,300,210,45,45,0,,
纳,299,300,210,45,45,1,,
纵,298,300,210,45,45,2,,
纶,298,300,210,45,45,2,,
纷,298,300,210,45,45,2,,
纸,299,300,210,45,45,1,,
纹,298,300,210,45,45,2,,
纺,297,300,210,45,45,3,,
纽,299,300,210,45,45,1,,
线,300,300,210,45,45,0,,
练,299,300,210,45,45,1,,
组,299,300,210,45,45,1,,
绅,298,300,210,45,45,2,,
细,300,300,210,45,45,0,,
织,301,300,210,45,45,0,,
终,298,300,210,45,45,2,,
绊,297,300,210,45,45,3,,
绍,298,300,210,45,45,2,,
绎,298,300,210,45,45,2,,
经,299,300,210,45,45,1,,
绑,299,300,210,45,45,1,,
绒,298,300,210,45,45,2,,
结,300,300,210,45,45,0,,
绕,299,300,210,45,45,1,,
绘,299,300,210,45,45,1,,
给,296,300,210,45,45,4,,
绚,299,300,210,45,45,1,,
络,299,300,210,45,45,1,,
绝,299,300,210,45,45,1,,
绞,296,300,210,45,45,4,,
统,297,300,210,45,45,3,,
绢,297,300,210,45,45,3,,
绣,299,300,210,45,45,1,,
绥,298,300,210,45,45,2,,
绦,295,300,210,45,45,5,,
继,300,300,210,45,45,0,,
绩,298,300,210,45,45,2,,
绪,299,300,210,45,45,1,,
续,299,300,210,45,45,1,,
绰,296,300,210,45,45,4,,
绳,299,300,210,45,45,1,,
维,299,300,210,45,45,1,,
绵,300,300,210,45,45,0,,
绷,300,300,210,45,45,0,,
绸,300,300,210,45,45,0,,
综,299,300,210,45,45,1,,
绽,300,300,210,45,45,0,,
绿,300,300,210,45,45,0,,
缀,300,300,210,45,45,0,,
缄,299,300,210,45,45,1,,
缅,300,300,210,45,45,0,,
缆,299,300,210,45,45,1,,
缉,298,300,210,45,45,2,,
缎,292,300,210,45,45,8,,
缓,298,300,210,45,45,2,,
缔,298,300,210,45,45,2,,
缕,299,300,210,45,45,1,,
编,298,300,210,45,45,2,,
缘,299,300,210,45,45,1,,
缚,300,300,210,45,45,0,,
缝,298,300,210,45,45,2,,
缠,298,300,210,45,45,2,,
缨,297,300,210,45,45,3,,
缩,298,300,210,45,45,2,,
缮,297,300,210,45,45,3,,
缴,299,300,210,45,45,1,,
缸,293,300,210,45,45,7,,
缺,298,300,210,45,45,2,,
罐,300,300,210,45,45,0,,
网,300,300,210,45,45,0,,
罕,299,300,210,45,45,1,,
罗,299,300,210,45,45,1,,
罚,297,300,210,45,45,3,,
罢,299,300,210,45,45,1,,
罩,298,300,210,45,45,2,,
罪,297,300,210,45,45,3,,
置,300,300,210,45,45,0,,
署,299,300,210,45,45,1,,
羊,299,300,210,45,45,1,,
羌,299,300,210,45,45,1,,
美,299,300,210,45,45,1,,
羔,299,300,210,45,45,1,,
羚,300,300,210,45,45,0,,
羞,300,300,210,45,45,0,,
羡,299,300,210,45,45,1,,
群,299,300,210,45,45,1,,
羹,297,300,210,45,45,3,,
羽,300,300,210,45,45,0,,
翁,299,300,210,45,45,1,,
翅,295,300,210,45,45,5,,
翌,299,300,210,45,45,1,,
翔,300,300,210,45,45,0,,
翘,296,300,210,45,45,4,,
翟,300,300,210,45,45,0,,
翠,298,300,210,45,45,2,,
翰,296,300,210,45,45,4,,
翱,295,300,210,45,45,5,,
翻,300,300,210,45,45,0,,
翼,297,300,210,45,45,3,,
耀,300,300,210,45,45,0,,
老,299,300,210,45,45,1,,
考,300,300,210,45,45,0,,
者,301,300,210,45,45,0,,
而,300,300,210,45,45,0,,
耍,293,300,210,45,45,7,,
耐,299,300,210,45,45,1,,
耕,300,300,210,45,45,0,,
耗,300,300,210,45,45,0,,
耘,299,300,210,45,45,1,,
耙,299,300,210,45,45,1,,
耪,298,300,210,45,45,2,,
耳,299,300,210,45,45,1,,
耶,299,300,210,45,45,1,,
耸,298,300,210,45,45,2,,
耻,300,300,210,45,45,0,,
耽,298,300,210,45,45,2,,
耿,298,300,210,45,45,2,,
聂,300,300,210,45,45,0,,
聊,299,300,210,45,45,1,,
聋,300,300,210,45,45,0,,
职,300,300,210,45,45,0,,
联,298,300,210,45,45,2,,
聘,298,300,210,45,45,2,,
聚,298,300,210,45,45,2,,
聪,300,300,210,45,45,0,,
肃,297,300,210,45,45,3,,
肄,298,300,210,45,45,2,,
肆,298,300,210,45,45,2,,
肇,292,300,210,45,45,8,,
肉,298,300,210,45,45,2,,
肋,299,300,210,45,45,1,,
肌,299,300,210,45,45,1,,
肖,299,300,210,45,45,1,,
肘,300,300,210,45,45,0,,
肚,300,300,210,45,45,0,,
肛,300,300,210,45,45,0,,
肝,299,300,210,45,45,1,,
肠,299,300,210,45,45,1,,
股,296,300,210,45,45,4,,
肢,301,300,210,45,45,0,,
肤,299,300,210,45,45,1,,
肥,300,300,210,45,45,0,,
肩,300,300,210,45,45,0,,
肪,295,300,210,45,45,5,,
肮,297,300,210,45,45,3,,
肯,299,300,210,45,45,1,,
育,301,300,210,45,45,0,,
肺,299,300,210,45,45,1,,
肾,298,300,210,45,45,2,,
肿,300,300,210,45,45,0,,
胀,300,300,210,45,45,0,,
胁,300,300,210,45,45,0,,
胃,300,300,210,45,45,0,,
胆,300,300,210,45,45,0,,
背,299,300,210,45,45,1,,
胎,299,300,210,45,45,1,,
胖,300,300,210,45,45,0,,
胚,300,300,210,45,45,0,,
胜,300,300,210,45,45,0,,
胞,300,300,210,45,45,0,,
胡,297,300,210,45,45,3,,
胯,300,300,210,45,45,0,,
胰,297,300,210,45,45,3,,
胳,300,300,210,45,45,0,,
胶,300,300,210,45,45,0,,
胸,300,300,210,45,45,0,,
胺,300,300,210,45,45,0,,
能,300,300,210,45,45,0,,
脂,301,300,210,45,45,0,,
脆,300,300,210,45,45,0,,
脉,300,300,210,45,45,0,,
脊,295,300,210,45,45,5,,
脏,301,300,210,45,45,0,,
脐,296,300,210,45,45,4,,
脑,300,300,210,45,45,0,,
脓,298,300,210,45,45,2,,
脖,299,300,210,45,45,1,,
脚,300,300,210,45,45,0,,
脯,300,300,210,45,45,0,,
脱,299,300,210,45,45,1,,
脸,300,300,210,45,45,0,,
脾,299,300,210,45,45,1,,
腆,298,300,210,45,45,2,,
腊,299,300,210,45,45,1,,
腋,298,300,210,45,45,2,,
腐,300,300,210,45,45,0,,
腑,300,300,210,45,45,0,,
腔,299,300,210,45,45,1,,
腕,299,300,210,45,45,1,,
腥,300,300,210,45,45,0,,
腮,300,300,210,45,45,0,,
腰,299,300,210,45,45,1,,
腹,300,300,210,45,45,0,,
腺,299,300,210,45,45,1,,
腻,275,300,210,45,45,25,,
腾,296,300,210,45,45,4,,
腿,299,300,210,45,45,1,,
膀,300,300,210,45,45,0,,
膊,299,300,210,45,45,1,,
膏,299,300,210,45,45,1,,
膘,298,300,210,45,45,2,,
膛,299,300,210,45,45,1,,
膜,300,300,210,45,45,0,,
膝,298,300,210,45,45,2,,
膨,299,300,210,45,45,1,,
膳,297,300,210,45,45,3,,
臀,299,300,210,45,45,1,,
臂,300,300,210,45,45,0,,
臃,296,300,210,45,45,4,,
臆,298,300,210,45,45,2,,
臣,300,300,210,45,45,0,,
自,300,300,210,45,45,0,,
臭,299,300,210,45,45,1,,
至,299,300,210,45,45,1,,
致,300,300,210,45,45,0,,
臻,300,300,210,45,45,0,,
臼,300,300,210,45,45,0,,
舀,300,300,210,45,45,0,,
舅,300,300,210,45,45,0,,
舆,298,300,210,45,45,2,,
舌,298,300,210,45,45,2,,
舍,299,300,210,45,45,1,,
舒,296,300,210,45,45,4,,
舔,296,300,210,45,45,4,,
舜,299,300,210,45,45,1,,
舞,298,300,210,45,45,2,,
舟,300,300,210,45,45,0,,
航,300,300,210,45,45,0,,
般,301,300,210,45,45,0,,
舰,295,300,210,45,45,5,,
舱,299,300,210,45,45,1,,
舵,298,300,210,45,45,2,,
舶,300,300,210,45,45,0,,
舷,298,300,210,45,45,2,,
船,299,300,210,45,45,1,,
艇,298,300,210,45,45,2,,
艘,298,300,210,45,45,2,,
良,299,300,210,45,45,1,,
艰,298,300,210,45,45,2,,
色,299,300,210,45,45,1,,
艳,298,300,210,45,45,2,,
艺,299,300,210,45,45,1,,
艾,299,300,210,45,45,1,,
节,300,300,210,45,45,0,,
芋,301,300,210,45,45,0,,
芍,299,300,210,45,45,1,,
芒,298,300,210,45,45,2,,
芜,300,300,210,45,45,0,,
芝,301,300,210,45,45,0,,
芥,299,300,210,45,45,1,,
芦,300,300,210,45,45,0,,
芬,300,300,210,45,45,0,,
芭,300,300,210,45,45,0,,
芯,299,300,210,45,45,1,,
花,299,300,210,45,45,1,,
芳,299,300,210,45,45,1,,
芹,300,300,210,45,45,0,,
芽,299,300,210,45,45,1,,
苇,298,300,210,45,45,2,,
苍,296,300,210,45,45,4,,
苏,299,300,210,45,45,1,,
苑,300,300,210,45,45,0,,
苔,297,300,210,45,45,3,,
苗,299,300,210,45,45,1,,
苛,300,300,210,45,45,0,,
苞,299,300,210,45,45,1,,
苟,300,300,210,45,45,0,,
若,300,300,210,45,45,0,,
苦,300,300,210,45,45,0,,
苫,300,300,210,45,45,0,,
苯,300,300,210,45,45,0,,
英,299,300,210,45,45,1,,
苹,298,300,210,45,45,2,,
茁,300,300,210,45,45,0,,
茂,296,300,210,45,45,4,,
范,299,300,210,45,45,1,,
茄,300,300,210,45,45,0,,
茅,298,300,210,45,45,2,,
茎,300,300,210,45,45,0,,
茧,299,300,210,45,45,1,,
茨,300,300,210,45,45,0,,
茫,300,300,210,45,45,0,,
茬,295,300,210,45,45,5,,
茵,295,300,210,45,45,5,,
茶,294,300,210,45,45,6,,
茸,299,300,210,45,45,1,,
茹,299,300,210,45,45,1,,
荆,299,300,210,45,45,1,,
草,300,300,210,45,45,0,,
荐,298,300,210,45,45,2,,
荒,300,300,210,45,45,0,,
荔,300,300,210,45,45,0,,
荚,299,300,210,45,45,1,,
荡,300,300,210,45,45,0,,
荣,298,300,210,45,45,2,,
荤,299,300,210,45,45,1,,
荧,298,300,210,45,45,2,,
荫,298,300,210,45,45,2,,
药,296,300,210,45,45,4,,
荷,300,300,210,45,45,0,,
莆,299,300,210,45,45,1,,
莉,300,300,210,45,45,0,,
莎,300,300,210,45,45,0,,
莫,298,300,210,45,45,2,,
莱,299,300,210,45,45,1,,
莲,296,300,210,45,45,4,,
获,298,300,210,45,45,2,,
莹,300,300,210,45,45,0,,
莽,299,300,210,45,45,1,,
菇,299,300,210,45,45,1,,
菊,300,300,210,45,45,0,,
菌,300,300,210,45,45,0,,
菏,300,300,210,45,45,0,,
菜,298,300,210,45,45,2,,
菠,300,300,210,45,45,0,,
菩,299,300,210,45,45,1,,
菱,299,300,210,45,45,1,,
菲,300,300,210,45,45,0,,
萄,296,300,210,45,45,4,,
萌,300,300,210,45,45,0,,
萍,299,300,210,45,45,1,,
萎,298,300,210,45,45,2,,
萝,300,300,210,45,45,0,,
萤,300,300,210,45,45,0,,
营,299,300,210,45,45,1,,
萧,300,300,210,45,45,0,,
萨,300,300,210,45,45,0,,
落,300,300,210,45,45,0,,
著,300,300,210,45,45,0,,
葛,297,300,210,45,45,3,,
葡,298,300,210,45,45,2,,
董,298,300,210,45,45,2,,
葫,300,300,210,45,45,0,,
葬,300,300,210,45,45,0,,
葱,299,300,210,45,45,1,,
葵,297,300,210,45,45,3,,
蒂,295,300,210,45,45,5,,
蒋,300,300,210,45,45,0,,
蒙,300,300,210,45,45,0,,
蒜,299,300,210,45,45,1,,
蒲,300,300,210,45,45,0,,
蒸,299,300,210,45,45,1,,
蓄,299,300,210,45,45,1,,
蓉,299,300,210,45,45,1,,
蓑,297,300,210,45,45,3,,
蓖,299,300,210,45,45,1,,
蓝,298,300,210,45,45,2,,
蓟,300,300,210,45,45,0,,
蓬,299,300,210,45,45,1,,
蔑,299,300,210,45,45,1,,
蔓,297,300,210,45,45,3,,
蔗,297,300,210,45,45,3,,
蔚,298,300,210,45,45,2,,
蔡,298,300,210,45,45,2,,
蔫,296,300,210,45,45,4,,
蔬,299,300,210,45,45,1,,
蔷,300,300,210,45,45,0,,
蔼,299,300,210,45,45,1,,
蔽,300,300,210,45,45,0,,
蕉,300,300,210,45,45,0,,
蕊,300,300,210,45,45,0,,
蕴,300,300,210,45,45,0,,
蕾,292,300,210,45,45,8,,
薄,300,300,210,45,45,0,,
薛,300,300,210,45,45,0,,
薪,300,300,210,45,45,0,,
薯,299,300,210,45,45,1,,
藉,300,300,210,45,45,0,,
藏,299,300,210,45,45,1,,
藐,297,300,210,45,45,3,,
藕,296,300,210,45,45,4,,
藤,297,300,210,45,45,3,,
藩,300,300,210,45,45,0,,
藻,300,300,210,45,45,0,,
蘑,300,300,210,45,45,0,,
蘸,297,300,210,45,45,3,,
虎,299,300,210,45,45,1,,
虏,299,300,210,45,45,1,,
虐,296,300,210,45,45,4,,
虑,299,300,210,45,45,1,,
虚,299,300,210,45,45,1,,
虞,301,300,210,45,45,0,,
虫,300,300,210,45,45,0,,
虱,297,300,210,45,45,3,,
虹,300,300,210,45,45,0,,
虽,298,300,210,45,45,2,,
虾,296,300,210,45,45,4,,
蚀,300,300,210,45,45,0,,
蚁,299,300,210,45,45,1,,
蚂,300,300,210,45,45,0,,
蚊,300,300,210,45,45,0,,
蚌,294,300,210,45,45,6,,
蚕,300,300,210,45,45,0,,
蚜,299,300,210,45,45,1,,
蚤,300,300,210,45,45,0,,
蛀,299,300,210,45,45,1,,
蛆,300,300,210,45,45,0,,
蛇,299,300,210,45,45,1,,
蛊,297,300,210,45,45,3,,
蛋,300,300,210,45,45,0,,
蛔,300,300,210,45,45,0,,
蛙,299,300,210,45,45,1,,
蛛,299,300,210,45,45,1,,
蛤,296,300,210,45,45,4,,
蛮,300,300,210,45,45,0,,
蛰,301,300,210,45,45,0,,
蛹,300,300,210,45,45,0,,
蛾,300,300,210,45,45,0,,
蜀,299,300,210,45,45,1,,
蜂,299,300,210,45,45,1,,
蜒,297,300,210,45,45,3,,
蜕,297,300,210,45,45,3,,
蜗,300,300,210,45,45,0,,
蜘,299,300,210,45,45,1,,
蜜,300,300,210,45,45,0,,
蜡,299,300,210,45,45,1,,
蝇,297,300,210,45,45,3,,
蝉,300,300,210,45,45,0,,
蝎,300,300,210,45,45,0,,
蝗,299,300,210,45,45,1,,
蝴,299,300,210,45,45,1,,
蝶,300,300,210,45,45,0,,
融,297,300,210,45,45,3,,
螟,297,300,210,45,45,3,,
螺,300,300,210,45,45,0,,
蟹,296,300,210,45,45,4,,
蠕,300,300,210,45,45,0,,
蠢,300,300,210,45,45,0,,
血,299,300,210,45,45,1,,
衅,299,300,210,45,45,1,,
行,299,300,210,45,45,1,,
衍,297,300,210,45,45,3,,
衔,292,300,210,45,45,8,,
街,299,300,210,45,45,1,,
衙,299,300,210,45,45,1,,
衡,300,300,210,45,45,0,,
衣,299,300,210,45,45,1,,
补,299,300,210,45,45,1,,
表,300,300,210,45,45,0,,
衫,298,300,210,45,45,2,,
衬,300,300,210,45,45,0,,
衰,298,300,210,45,45,2,,
衷,300,300,210,45,45,0,,
袁,300,300,210,45,45,0,,
袄,300,300,210,45,45,0,,
袋,298,300,210,45,45,2,,
袍,298,300,210,45,45,2,,
袒,297,300,210,45,45,3,,
袖,299,300,210,45,45,1,,
袜,294,300,210,45,45,6,,
被,300,300,210,45,45,0,,
袭,300,300,210,45,45,0,,
袱,299,300,210,45,45,1,,
裁,300,300,210,45,45,0,,
裂,299,300,210,45,45,1,,
装,298,300,210,45,45,2,,
裔,299,300,210,45,45,1,,
裕,300,300,210,45,45,0,,
裙,300,300,210,45,45,0,,
裤,299,300,210,45,45,1,,
裳,299,300,210,45,45,1,,
裴,299,300,210,45,45,1,,
裸,298,300,210,45,45,2,,
裹,300,300,210,45,45,0,,
褂,298,300,210,45,45,2,,
褐,300,300,210,45,45,0,,
褒,296,300,210,45,45,4,,
褥,298,300,210,45,45,2,,
褪,298,300,210,45,45,2,,
襄,300,300,210,45,45,0,,
襟,299,300,210,45,45,1,,
西,298,300,210,45,45,2,,
要,300,300,210,45,45,0,,
覆,300,300,210,45,45,0,,
见,300,300,210,45,45,0,,
观,298,300,210,45,45,2,,
规,300,300,210,45,45,0,,
觅,298,300,210,45,45,2,,
视,299,300,210,45,45,1,,
览,300,300,210,45,45,0,,
觉,299,300,210,45,45,1,,
角,300,300,210,45,45,0,,
解,300,300,210,45,45,0,,
触,298,300,210,45,45,2,,
言,300,300,210,45,45,0,,
詹,300,300,210,45,45,0,,
誉,300,300,210,45,45,0,,
誊,296,300,210,45,45,4,,
誓,297,300,210,45,45,3,,
警,298,300,210,45,45,2,,
譬,300,300,210,45,45,0,,
计,299,300,210,45,45,1,,
订,299,300,210,45,45,1,,
讣,299,300,210,45,45,1,,
认,299,300,210,45,45,1,,
讥,300,300,210,45,45,0,,
讨,297,300,210,45,45,3,,
让,296,300,210,45,45,4,,
讫,299,300,210,45,45,1,,
训,300,300,210,45,45,0,,
议,299,300,210,45,45,1,,
讯,295,300,210,45,45,5,,
记,298,300,210,45,45,2,,
讲,300,300,210,45,45,0,,
讳,298,300,210,45,45,2,,
讶,297,300,210,45,45,3,,
许,300,300,210,45,45,0,,
讹,300,300,210,45,45,0,,
论,300,300,210,45,45,0,,
讼,295,300,210,45,45,5,,
讽,299,300,210,45,45,1,,
设,298,300,210,45,45,2,,
访,298,300,210,45,45,2,,
诀,300,300,210,45,45,0,,
证,301,300,210,45,45,0,,
评,297,300,210,45,45,3,,
诅,297,300,210,45,45,3,,
识,299,300,210,45,45,1,,
诈,298,300,210,45,45,2,,
诉,299,300,210,45,45,1,,
诊,300,300,210,45,45,0,,
诌,292,300,210,45,45,8,,
词,300,300,210,45,45,0,,
译,299,300,210,45,45,1,,
试,298,300,210,45,45,2,,
诗,299,300,210,45,45,1,,
诚,300,300,210,45,45,0,,
诛,300,300,210,45,45,0,,
话,300,300,210,45,45,0,,
诞,299,300,210,45,45,1,,
诡,298,300,210,45,45,2,,
询,299,300,210,45,45,1,,
诣,298,300,210,45,45,2,,
该,300,300,210,45,45,0,,
详,299,300,210,45,45,1,,
诧,298,300,210,45,45,2,,
诫,300,300,210,45,45,0,,
诬,298,300,210,45,45,2,,
语,301,300,210,45,45,0,,
误,299,300,210,45,45,1,,
诱,301,300,210,45,45,0,,
诲,299,300,210,45,45,1,,
说,298,300,210,45,45,2,,
诵,298,300,210,45,45,2,,
请,299,300,210,45,45,1,,
诸,298,300,210,45,45,2,,
诺,300,300,210,45,45,0,,
读,300,300,210,45,45,0,,
诽,298,300,210,45,45,2,,
课,299,300,210,45,45,1,,
谁,299,300,210,45,45,1,,
调,300,300,210,45,45,0,,
谅,299,300,210,45,45,1,,
谆,299,300,210,45,45,1,,
谈,299,300,210,45,45,1,,
谊,298,300,210,45,45,2,,
谋,299,300,210,45,45,1,,
谍,298,300,210,45,45,2,,
谎,299,300,210,45,45,1,,
谐,300,300,210,45,45,0,,
谓,300,300,210,45,45,0,,
谗,298,300,210,45,45,2,,
谚,299,300,210,45,45,1,,
谜,298,300,210,45,45,2,,
谢,300,300,210,45,45,0,,
谣,298,300,210,45,45,2,,
谤,299,300,210,45,45,1,,
谦,296,300,210,45,45,4,,
谨,300,300,210,45,45,0,,
谩,300,300,210,45,45,0,,
谬,299,300,210,45,45,1,,
谭,295,300,210,45,45,5,,
谰,299,300,210,45,45,1,,
谱,300,300,210,45,45,0,,
谴,298,300,210,45,45,2,,
谷,299,300,210,45,45,1,,
豁,300,300,210,45,45,0,,
豆,300,300,210,45,45,0,,
豌,298,300,210,45,45,2,,
象,299,300,210,45,45,1,,
豢,299,300,210,45,45,1,,
豪,300,300,210,45,45,0,,
豫,299,300,210,45,45,1,,
豹,300,300,210,45,45,0,,
豺,297,300,210,45,45,3,,
貉,299,300,210,45,45,1,,
貌,300,300,210,45,45,0,,
贝,300,300,210,45,45,0,,
贞,301,300,210,45,45,0,,
负,300,300,210,45,45,0,,
贡,300,300,210,45,45,0,,
财,300,300,210,45,45,0,,
责,300,300,210,45,45,0,,
贤,300,300,210,45,45,0,,
败,299,300,210,45,45,1,,
账,301,300,210,45,45,0,,
货,298,300,210,45,45,2,,
质,299,300,210,45,45,1,,
贩,300,300,210,45,45,0,,
贪,299,300,210,45,45,1,,
贫,299,300,210,45,45,1,,
贬,300,300,210,45,45,0,,
购,299,300,210,45,45,1,,
贮,297,300,210,45,45,3,,
贯,300,300,210,45,45,0,,
贰,279,300,210,45,45,21,,
贱,300,300,210,45,45,0,,
贴,298,300,210,45,45,2,,
贵,299,300,210,45,45,1,,
贷,300,300,210,45,45,0,,
贸,300,300,210,45,45,0,,
费,300,300,210,45,45,0,,
贺,299,300,210,45,45,1,,
贼,297,300,210,45,45,3,,
贾,300,300,210,45,45,0,,
贿,299,300,210,45,45,1,,
赁,294,300,210,45,45,6,,
赂,300,300,210,45,45,0,,
赃,298,300,210,45,45,2,,
资,299,300,210,45,45,1,,
赊,296,300,210,45,45,4,,
赋,298,300,210,45,45,2,,
赌,299,300,210,45,45,1,,
赎,300,300,210,45,45,0,,
赏,300,300,210,45,45,0,,
赐,292,300,210,45,45,8,,
赔,300,300,210,45,45,0,,
赖,298,300,210,45,45,2,,
赘,298,300,210,45,45,2,,
赚,298,300,210,45,45,2,,
赛,299,300,210,45,45,1,,
赞,300,300,210,45,45,0,,
赠,299,300,210,45,45,1,,
赡,299,300,210,45,45,1,,
赢,298,300,210,45,45,2,,
赣,297,300,210,45,45,3,,
赤,295,300,210,45,45,5,,
赦,296,300,210,45,45,4,,
赫,300,300,210,45,45,0,,
走,299,300,210,45,45,1,,
赴,299,300,210,45,45,1,,
赵,300,300,210,45,45,0,,
赶,299,300,210,45,45,1,,
起,300,300,210,45,45,0,,
趁,298,300,210,45,45,2,,
超,300,300,210,45,45,0,,
越,301,300,210,45,45,0,,
趋,298,300,210,45,45,2,,
趟,299,300,210,45,45,1,,
趣,300,300,210,45,45,0,,
足,300,300,210,45,45,0,,
趴,298,300,210,45,45,2,,
趾,297,300,210,45,45,3,,
跃,301,300,210,45,45,0,,
跋,299,300,210,45,45,1,,
跌,299,300,210,45,45,1,,
跑,298,300,210,45,45,2,,
距,300,300,210,45,45,0,,
跟,298,300,210,45,45,2,,
跨,300,300,210,45,45,0,,
跪,299,300,210,45,45,1,,
路,300,300,210,45,45,0,,
跳,299,300,210,45,45,1,,
践,299,300,210,45,45,1,,
跺,297,300,210,45,45,3,,
踊,300,300,210,45,45,0,,
踌,299,300,210,45,45,1,,
踏,297,300,210,45,45,3,,
踞,298,300,210,45,45,2,,
踢,296,300,210,45,45,4,,
踩,300,300,210,45,45,0,,
踪,298,300,210,45,45,2,,
蹄,294,300,210,45,45,6,,
蹈,299,300,210,45,45,1,,
蹋,298,300,210,45,45,2,,
蹦,298,300,210,45,45,2,,
蹬,298,300,210,45,45,2,,
蹭,297,300,210,45,45,3,,
蹲,299,300,210,45,45,1,,
蹿,299,300,210,45,45,1,,
躁,299,300,210,45,45,1,,
躇,299,300,210,45,45,1,,
身,299,300,210,45,45,1,,
躬,299,300,210,45,45,1,,
躯,300,300,210,45,45,0,,
躲,295,300,210,45,45,5,,
躺,295,300,210,45,45,5,,
车,299,300,210,45,45,1,,
轧,298,300,210,45,45,2,,
轨,298,300,210,45,45,2,,
轩,297,300,210,45,45,3,,
转,300,300,210,45,45,0,,
轮,299,300,210,45,45,1,,
软,300,300,210,45,45,0,,
轰,299,300,210,45,45,1,,
轴,300,300,210,45,45,0,,
轻,299,300,210,45,45,1,,
载,300,300,210,45,45,0,,
轿,299,300,210,45,45,1,,
较,297,300,210,45,45,3,,
辅,295,300,210,45,45,5,,
辆,299,300,210,45,45,1,,
辈,299,300,210,45,45,1,,
辉,298,300,210,45,45,2,,
辊,300,300,210,45,45,0,,
辐,299,300,210,45,45,1,,
辑,300,300,210,45,45,0,,
输,299,300,210,45,45,1,,
辕,301,300,210,45,45,0,,
辖,299,300,210,45,45,1,,
辗,299,300,210,45,45,1,,
辙,300,300,210,45,45,0,,
辛,300,300,210,45,45,0,,
辜,290,300,210,45,45,10,,
辞,297,300,210,45,45,3,,
辟,298,300,210,45,45,2,,
辣,299,300,210,45,45,1,,
辨,299,300,210,45,45,1,,
辩,299,300,210,45,45,1,,
辫,297,300,210,45,45,3,,
辰,300,300,210,45,45,0,,
辱,300,300,210,45,45,0,,
边,300,300,210,45,45,0,,
辽,300,300,210,45,45,0,,
达,300,300,210,45,45,0,,
迁,298,300,210,45,45,2,,
迂,298,300,210,45,45,2,,
迄,299,300,210,45,45,1,,
迅,300,300,210,45,45,0,,
过,299,300,210,45,45,1,,
迈,300,300,210,45,45,0,,
迎,300,300,210,45,45,0,,
运,300,300,210,45,45,0,,
近,298,300,210,45,45,2,,
返,300,300,210,45,45,0,,
还,299,300,210,45,45,1,,
这,299,300,210,45,45,1,,
进,299,300,210,45,45,1,,
远,301,300,210,45,45,0,,
违,299,300,210,45,45,1,,
连,300,300,210,45,45,0,,
迟,300,300,210,45,45,0,,
迢,297,300,210,45,45,3,,
迪,298,300,210,45,45,2,,
迫,297,300,210,45,45,3,,
迭,299,300,210,45,45,1,,
述,299,300,210,45,45,1,,
迷,300,300,210,45,45,0,,
迸,299,300,210,45,45,1,,
迹,300,300,210,45,45,0,,
追,299,300,210,45,45,1,,
退,297,300,210,45,45,3,,
送,298,300,210,45,45,2,,
适,300,300,210,45,45,0,,
逃,297,300,210,45,45,3,,
逆,298,300,210,45,45,2,,
选,300,300,210,45,45,0,,
逊,300,300,210,45,45,0,,
透,296,300,210,45,45,4,,
逐,299,300,210,45,45,1,,
递,300,300,210,45,45,0,,
途,298,300,210,45,45,2,,
逗,300,300,210,45,45,0,,
通,299,300,210,45,45,1,,
逛,297,300,210,45,45,3,,
逝,300,300,210,45,45,0,,
逞,300,300,210,45,45,0,,
速,297,300,210,45,45,3,,
造,299,300,210,45,45,1,,
逢,300,300,210,45,45,0,,
逮,298,300,210,45,45,2,,
逸,296,300,210,45,45,4,,
逻,299,300,210,45,45,1,,
逼,300,300,210,45,45,0,,
逾,300,300,210,45,45,0,,
遁,300,300,210,45,45,0,,
遂,296,300,210,45,45,4,,
遇,300,300,210,45,45,0,,
遍,300,300,210,45,45,0,,
遏,298,300,210,45,45,2,,
道,299,300,210,45,45,1,,
遗,299,300,210,45,45,1,,
遣,299,300,210,45,45,1,,
遥,300,300,210,45,45,0,,
遭,300,300,210,45,45,0,,
遮,298,300,210,45,45,2,,
遵,299,300,210,45,45,1,,
避,300,300,210,45,45,0,,
邀,299,300,210,45,45,1,,
邑,299,300,210,45,45,1,,
邓,299,300,210,45,45,1,,
邢,296,300,210,45,45,4,,
那,300,300,210,45,45,0,,
邦,299,300,210,45,45,1,,
邪,299,300,210,45,45,1,,
邮,301,300,210,45,45,0,,
邯,299,300,210,45,45,1,,
邱,300,300,210,45,45,0,,
邵,299,300,210,45,45,1,,
邹,299,300,210,45,45,1,,
邻,300,300,210,45,45,0,,
郁,301,300,210,45,45,0,,
郊,300,300,210,45,45,0,,
郎,298,300,210,45,45,2,,
郑,300,300,210,45,45,0,,
郝,300,300,210,45,45,0,,
郡,297,300,210,45,45,3,,
郧,300,300,210,45,45,0,,
部,300,300,210,45,45,0,,
郭,300,300,210,45,45,0,,
郴,298,300,210,45,45,2,,
郸,300,300,210,45,45,0,,
都,300,300,210,45,45,0,,
鄂,298,300,210,45,45,2,,
鄙,298,300,210,45,45,2,,
酉,301,300,210,45,45,0,,
酋,298,300,210,45,45,2,,
酌,297,300,210,45,45,3,,
配,300,300,210,45,45,0,,
酒,300,300,210,45,45,0,,
酗,300,300,210,45,45,0,,
酚,299,300,210,45,45,1,,
酝,301,300,210,45,45,0,,
酞,298,300,210,45,45,2,,
酣,299,300,210,45,45,1,,
酥,298,300,210,45,45,2,,
酪,295,300,210,45,45,5,,
酬,299,300,210,45,45,1,,
酮,299,300,210,45,45,1,,
酱,299,300,210,45,45,1,,
酵,298,300,210,45,45,2,,
酶,299,300,210,45,45,1,,
酷,300,300,210,45,45,0,,
酸,299,300,210,45,45,1,,
酿,300,300,210,45,45,0,,
醇,299,300,210,45,45,1,,
醉,298,300,210,45,45,2,,
醋,299,300,210,45,45,1,,
醒,300,300,210,45,45,0,,
醚,298,300,210,45,45,2,,
醛,300,300,210,45,45,0,,
采,300,300,210,45,45,0,,
釉,299,300,210,45,45,1,,
释,299,300,210,45,45,1,,
里,298,300,210,45,45,2,,
重,298,300,210,45,45,2,,
野,297,300,210,45,45,3,,
量,298,300,210,45,45,2,,
金,299,300,210,45,45,1,,
釜,296,300,210,45,45,4,,
鉴,294,300,210,45,45,6,,
针,299,300,210,45,45,1,,
钉,300,300,210,45,45,0,,
钎,296,300,210,45,45,4,,
钒,298,300,210,45,45,2,,
钓,300,300,210,45,45,0,,
钙,299,300,210,45,45,1,,
钝,300,300,210,45,45,0,,
钞,297,300,210,45,45,3,,
钟,300,300,210,45,45,0,,
钠,300,300,210,45,45,0,,
钡,298,300,210,45,45,2,,
钢,300,300,210,45,45,0,,
钥,300,300,210,45,45,0,,
钦,298,300,210,45,45,2,,
钧,299,300,210,45,45,1,,
钨,298,300,210,45,45,2,,
钩,299,300,210,45,45,1,,
钮,299,300,210,45,45,1,,
钱,299,300,210,45,45,1,,
钳,299,300,210,45,45,1,,
钵,298,300,210,45,45,2,,
钻,299,300,210,45,45,1,,
钾,300,300,210,45,45,0,,
铀,300,300,210,45,45,0,,
铁,299,300,210,45,45,1,,
铂,300,300,210,45,45,0,,
铃,299,300,210,45,45,1,,
铅,298,300,210,45,45,2,,
铆,300,300,210,45,45,0,,
铜,299,300,210,45,45,1,,
铝,299,300,210,45,45,1,,
铡,301,300,210,45,45,0,,
铣,298,300,210,45,45,2,,
铬,300,300,210,45,45,0,,
铭,298,300,210,45,45,2,,
铰,298,300,210,45,45,2,,
铱,300,300,210,45,45,0,,
铲,300,300,210,45,45,0,,
银,299,300,210,45,45,1,,
铸,298,300,210,45,45,2,,
铺,300,300,210,45,45,0,,
链,299,300,210,45,45,1,,
销,298,300,210,45,45,2,,
锁,296,300,210,45,45,4,,
锄,300,300,210,45,45,0,,
锅,300,300,210,45,45,0,,
锈,299,300,210,45,45,1,,
锋,298,300,210,45,45,2,,
锌,299,300,210,45,45,1,,
锐,299,300,210,45,45,1,,
锑,296,300,210,45,45,4,,
锗,301,300,210,45,45,0,,
错,300,300,210,45,45,0,,
锚,298,300,210,45,45,2,,
锡,299,300,210,45,45,1,,
锣,299,300,210,45,45,1,,
锤,300,300,210,45,45,0,,
锥,298,300,210,45,45,2,,
锦,300,300,210,45,45,0,,
锨,299,300,210,45,45,1,,
锭,300,300,210,45,45,0,,
键,300,300,210,45,45,0,,
锯,299,300,210,45,45,1,,
锰,297,300,210,45,45,3,,
锹,294,300,210,45,45,6,,
锻,299,300,210,45,45,1,,
镀,298,300,210,45,45,2,,
镁,299,300,210,45,45,1,,
镇,301,300,210,45,45,0,,
镊,300,300,210,45,45,0,,
镍,297,300,210,45,45,3,,
镐,298,300,210,45,45,2,,
镑,298,300,210,45,45,2,,
镜,300,300,210,45,45,0,,
镣,294,300,210,45,45,6,,
镭,300,300,210,45,45,0,,
镰,297,300,210,45,45,3,,
镶,297,300,210,45,45,3,,
长,300,300,210,45,45,0,,
门,300,300,210,45,45,0,,
闪,299,300,210,45,45,1,,
闭,299,300,210,45,45,1,,
问,299,300,210,45,45,1,,
闯,300,300,210,45,45,0,,
闰,300,300,210,45,45,0,,
闲,297,300,210,45,45,3,,
间,299,300,210,45,45,1,,
闷,298,300,210,45,45,2,,
闸,300,300,210,45,45,0,,
闹,298,300,210,45,45,2,,
闺,297,300,210,45,45,3,,
闻,298,300,210,45,45,2,,
闽,300,300,210,45,45,0,,
阀,299,300,210,45,45,1,,
阁,299,300,210,45,45,1,,
阂,300,300,210,45,45,0,,
阅,301,300,210,45,45,0,,
阉,298,300,210,45,45,2,,
阎,299,300,210,45,45,1,,
阐,300,300,210,45,45,0,,
阑,297,300,210,45,45,3,,
阔,300,300,210,45,45,0,,
阜,298,300,210,45,45,2,,
队,300,300,210,45,45,0,,
阮,300,300,210,45,45,0,,
防,299,300,210,45,45,1,,
阳,299,300,210,45,45,1,,
阴,298,300,210,45,45,2,,
阵,297,300,210,45,45,3,,
阶,298,300,210,45,45,2,,
阻,300,300,210,45,45,0,,
阿,300,300,210,45,45,0,,
陀,295,300,210,45,45,5,,
附,300,300,210,45,45,0,,
际,300,300,210,45,45,0,,
陆,299,300,210,45,45,1,,
陇,299,300,210,45,45,1,,
陈,299,300,210,45,45,1,,
陋,299,300,210,45,45,1,,
陌,300,300,210,45,45,0,,
降,296,300,210,45,45,4,,
限,299,300,210,45,45,1,,
陕,297,300,210,45,45,3,,
陛,299,300,210,45,45,1,,
陡,298,300,210,45,45,2,,
院,300,300,210,45,45,0,,
除,300,300,210,45,45,0,,
陨,300,300,210,45,45,0,,
险,299,300,210,45,45,1,,
陪,300,300,210,45,45,0,,
陵,300,300,210,45,45,0,,
陶,296,300,210,45,45,4,,
陷,299,300,210,45,45,1,,
隅,300,300,210,45,45,0,,
隆,300,300,210,45,45,0,,
隋,297,300,210,45,45,3,,
随,299,300,210,45,45,1,,
隐,299,300,210,45,45,1,,
隔,298,300,210,45,45,2,,
隘,298,300,210,45,45,2,,
隙,300,300,210,45,45,0,,
障,301,300,210,45,45,0,,
隧,299,300,210,45,45,1,,
隶,299,300,210,45,45,1,,
难,300,300,210,45,45,0,,
雀,299,300,210,45,45,1,,
雁,297,300,210,45,45,3,,
雄,299,300,210,45,45,1,,
雅,298,300,210,45,45,2,,
集,299,300,210,45,45,1,,
雇,299,300,210,45,45,1,,
雌,294,300,210,45,45,6,,
雍,297,300,210,45,45,3,,
雏,300,300,210,45,45,0,,
雕,300,300,210,45,45,0,,
雨,301,300,210,45,45,0,,
雪,300,300,210,45,45,0,,
零,298,300,210,45,45,2,,
雷,300,300,210,45,45,0,,
雹,297,300,210,45,45,3,,
雾,298,300,210,45,45,2,,
需,300,300,210,45,45,0,,
霄,300,300,210,45,45,0,,
震,299,300,210,45,45,1,,
霉,297,300,210,45,45,3,,
霍,299,300,210,45,45,1,,
霓,298,300,210,45,45,2,,
霖,299,300,210,45,45,1,,
霜,299,300,210,45,45,1,,
霞,298,300,210,45,45,2,,
露,298,300,210,45,45,2,,
霸,300,300,210,45,45,0,,
霹,299,300,210,45,45,1,,
青,300,300,210,45,45,0,,
靖,300,300,210,45,45,0,,
静,299,300,210,45,45,1,,
靛,297,300,210,45,45,3,,
非,300,300,210,45,45,0,,
靠,299,300,210,45,45,1,,
靡,297,300,210,45,45,3,,
面,299,300,210,45,45,1,,
革,300,300,210,45,45,0,,
靳,299,300,210,45,45,1,,
靴,299,300,210,45,45,1,,
靶,300,300,210,45,45,0,,
鞋,296,300,210,45,45,4,,
鞍,299,300,210,45,45,1,,
鞘,299,300,210,45,45,1,,
鞠,298,300,210,45,45,2,,
鞭,300,300,210,45,45,0,,
韦,300,300,210,45,45,0,,
韧,297,300,210,45,45,3,,
韩,298,300,210,45,45,2,,
韭,297,300,210,45,45,3,,
音,300,300,210,45,45,0,,
韵,300,300,210,45,45,0,,
韶,299,300,210,45,45,1,,
页,299,300,210,45,45,1,,
顶,299,300,210,45,45,1,,
顷,298,300,210,45,45,2,,
项,297,300,210,45,45,3,,
顺,296,300,210,45,45,4,,
须,299,300,210,45,45,1,,
顽,299,300,210,45,45,1,,
顾,300,300,210,45,45,0,,
顿,300,300,210,45,45,0,,
颁,300,300,210,45,45,0,,
颂,296,300,210,45,45,4,,
预,298,300,210,45,45,2,,
颅,300,300,210,45,45,0,,
领,298,300,210,45,45,2,,
颇,294,300,210,45,45,6,,
颈,297,300,210,45,45,3,,
颊,299,300,210,45,45,1,,
颐,299,300,210,45,45,1,,
频,296,300,210,45,45,4,,
颓,298,300,210,45,45,2,,
颖,297,300,210,45,45,3,,
颗,298,300,210,45,45,2,,
题,297,300,210,45,45,3,,
颜,299,300,210,45,45,1,,
额,299,300,210,45,45,1,,
颠,300,300,210,45,45,0,,
颤,298,300,210,45,45,2,,
颧,298,300,210,45,45,2,,
风,300,300,210,45,45,0,,
飘,299,300,210,45,45,1,,
飞,300,300,210,45,45,0,,
食,300,300,210,45,45,0,,
餐,300,300,210,45,45,0,,
饥,300,300,210,45,45,0,,
饭,297,300,210,45,45,3,,
饮,298,300,210,45,45,2,,
饯,299,300,210,45,45,1,,
饰,299,300,210,45,45,1,,
饱,299,300,210,45,45,1,,
饲,298,300,210,45,45,2,,
饵,300,300,210,45,45,0,,
饶,299,300,210,45,45,1,,
饺,299,300,210,45,45,1,,
饼,298,300,210,45,45,2,,
饿,299,300,210,45,45,1,,
馁,299,300,210,45,45,1,,
馅,298,300,210,45,45,2,,
馆,300,300,210,45,45,0,,
馈,299,300,210,45,45,1,,
馋,299,300,210,45,45,1,,
馏,299,300,210,45,45,1,,
馒,300,300,210,45,45,0,,
首,299,300,210,45,45,1,,
香,299,300,210,45,45,1,,
马,300,300,210,45,45,0,,
驭,299,300,210,45,45,1,,
驮,293,300,210,45,45,7,,
驯,300,300,210,45,45,0,,
驰,299,300,210,45,45,1,,
驱,300,300,210,45,45,0,,
驳,299,300,210,45,45,1,,
驴,299,300,210,45,45,1,,
驶,297,300,210,45,45,3,,
驹,300,300,210,45,45,0,,
驻,299,300,210,45,45,1,,
驼,299,300,210,45,45,1,,
驾,297,300,210,45,45,3,,
骂,300,300,210,45,45,0,,
骄,299,300,210,45,45,1,,
骆,300,300,210,45,45,0,,
骇,300,300,210,45,45,0,,
骋,299,300,210,45,45,1,,
验,298,300,210,45,45,2,,
骏,301,300,210,45,45,0,,
骑,299,300,210,45,45,1,,
骗,300,300,210,45,45,0,,
骚,299,300,210,45,45,1,,
骡,300,300,210,45,45,0,,
骤,299,300,210,45,45,1,,
骨,300,300,210,45,45,0,,
骸,298,300,210,45,45,2,,
髓,299,300,210,45,45,1,,
高,300,300,210,45,45,0,,
鬃,295,300,210,45,45,5,,
鬼,300,300,210,45,45,0,,
魁,299,300,210,45,45,1,,
魂,299,300,210,45,45,1,,
魄,298,300,210,45,45,2,,
魏,300,300,210,45,45,0,,
魔,300,300,210,45,45,0,,
鱼,300,300,210,45,45,0,,
鲁,299,300,210,45,45,1,,
鲍,300,300,210,45,45,0,,
鲜,300,300,210,45,45,0,,
鲤,300,300,210,45,45,0,,
鲸,299,300,210,45,45,1,,
鳃,297,300,210,45,45,3,,
鳖,298,300,210,45,45,2,,
鳞,299,300,210,45,45,1,,
鸟,297,300,210,45,45,3,,
鸡,300,300,210,45,45,0,,
鸣,300,300,210,45,45,0,,
鸥,298,300,210,45,45,2,,
鸦,300,300,210,45,45,0,,
鸭,293,300,210,45,45,7,,
鸯,299,300,210,45,45,1,,
鸳,297,300,210,45,45,3,,
鸵,296,300,210,45,45,4,,
鸽,299,300,210,45,45,1,,
鸿,299,300,210,45,45,1,,
鹃,300,300,210,45,45,0,,
鹅,300,300,210,45,45,0,,
鹊,299,300,210,45,45,1,,
鹏,300,300,210,45,45,0,,
鹤,298,300,210,45,45,2,,
鹰,298,300,210,45,45,2,,
鹿,299,300,210,45,45,1,,
麓,297,300,210,45,45,3,,
麦,298,300,210,45,45,2,,
麻,299,300,210,45,45,1,,
黄,299,300,210,45,45,1,,
黍,298,300,210,45,45,2,,
黎,299,300,210,45,45,1,,
黑,300,300,210,45,45,0,,
黔,292,300,210,45,45,8,,
默,297,300,210,45,45,3,,
鼎,300,300,210,45,45,0,,
鼓,298,300,210,45,45,2,,
鼠,299,300,210,45,45,1,,
鼻,295,300,210,45,45,5,,
齐,300,300,210,45,45,0,,
齿,299,300,210,45,45,1,,
龄,298,300,210,45,45,2,,
龋,297,300,210,45,45,3,,
龙,300,300,210,45,45,0,,
龚,299,300,210,45,45,1,,
龟,289,300,210,45,45,11,,
￡,299,300,210,45,45,1,,
￥,299,300,210,45,45,1,,
